word,meaning
emperor,n. 皇帝
exact,adj. 准确的
traditional,adj. 传统的
lack,vt. 缺乏
pardon,n. 原谅
regent,n. 摄政王
burgeon,vt. 萌芽
argue,vi. 争论
barely,adv. 仅仅
methane,n. [有化] 甲烷
hierarchy,n. 层级
guidance,n. 指导
easy-going,adj. 随和的
electrical,adj. 有关电的
electronic,adj. 电子的

roll film,na. 摄影胶卷

philosophy,n. 哲学
chronic,adj. 慢性的
desirable,adj. 令人满意的
consortium,n. 财团
buckle,n. 皮带扣
curry,n. 咖哩粉
subliminal,n. 潜意识
chamber,n. （身体或器官内的）室
frequent,adj. 频繁的

prosperous,adj. 繁荣的
purpose,n. 目的
variety,n. 多样性
immigration,n. 外来移民
natural,adj. 自然的
bet,n. 打赌
consumer,n. 消费者
physician,n. [医] 医师
equal,n. 对手
resort,n. 凭借
leadership,n. 领导能力
equity,n. 公平
excavate,vt. 挖掘
nuclear,adj. 原子能的
mutual,adj. 共同的；相互的
hectare,n. 公顷
density,n. 密度
massive,adj. 大量的
congratulate,vt. 祝贺
companion,n. 同伴
rig,n. 装备
input,n. 投入
merely,adv. 仅仅
impart,vt. 给予（尤指抽象事物）
forfeit,n. 罚金
calorie,n. 卡路里
van,n. 先锋
ventilation,n. 通风设备
eternal,adj. 永恒的
invasion,n. 入侵
celebrate,vt. 庆祝
inspiring,v. 鼓舞
attendance,n. 出席
optional,adj. 可选择的
enable,vt. 使能够
departmental,adj. 部门的
heal,vt. 治愈
dismantle,vt. 拆除
wage,n. 工资
landscape,n. 风景
emotion,n. 情感
commonwealth,n. 联邦
newsletter,n. 时事通讯
periodical,n. 期刊
receptionist,n. 接待员
security,n. 安全
clip,vi. 修剪
apace,adv. 飞快地
yield,n. 产量
fair,n. 展览会，白皙的

list2
regional,adj. 地区的
secure,vt. 保护
preserve,n. 保护区
reject,n. 被弃之物或人
code,n. 代码
seek,vt. 寻求
item,n. 条款
crown,n. 王冠
effort,n. 努力
point,n. 要点
review,n. 回顾
fabrication,n. 制造
series,n. 系列
variation,n. 变化
margin,n. 边缘
distraction,n. 注意力分散
complicate,vt. 使复杂化
tram,n. 电车轨道
maturity,n. 成熟
download,vt. [计] 下载
refer,vt. 涉及
interview,n. 接见
extent,n. 程度
evacuate,vt. 疏散
stint,n. 节约；定额
embankment,n. 路堤
squash,n. 壁球
federation,n. 联合
surge,n. 汹涌；大浪
physical,
adj. [物] 物理的；身体的
justify,vt. 证明…是正当的
score,分数，评价
migration,n. 迁移
overweight,adj. 超重的
cooperation,n. 合作
zoological,adj. 动物的
stamp,n. 邮票
whistle,n. 口哨
detective,n. 侦探
occupy,vt. 占据
ceremony,n. 典礼
diagnose,vt. 诊断
denote,vt. 表示
chink,n. 裂缝
iris,n. [解剖] 虹膜
resource,n. 资源
entire,adj. 全部的
epitomise,vt. 象征
crocodile,n. 鳄鱼
summit,n. 顶点
ensure,vt. 保证
odour,n. 气味
accurate,adj. 精确的
tender,n. 偿付
willing,adj. 乐意的
perform,vt. 执行；完成；演奏
vi. 执行
seep,n. 小泉
ambassador,n. 大使
delinquency,n. 行为不良
deliberate,adj. 故意的
implication,n. 含义；暗示；牵连
broom,n. 扫帚
opponent,n. 对手
sponsor,n. 赞助者
decisive,adj. 决定性的；果断的
substantial,n. 本质
questionnaire,n. 问卷
viewpoint,n. 观点
routine,n. [计] 程序
nurture,vt. 养育
slight,n. 怠慢；轻蔑
adj. 轻微的
genetic,adj. 遗传的
similarly,adv. 同样地

list3
leak,n. 泄漏；漏洞
literature,n. 文学
suffer,vi. 遭受
impede,vt. 阻碍
spring,n. 春天
biological,adj. 生物的
deduce,vt. 推论
doctorate,n. 博士学位
absolute,n. 绝对
theoretical,adj. 理论的
internship,n. 实习生
slender,adj. 细长的
respondent,n. [法] 被告
surroundings,n. 环境
couple,n. 对
voluntary,n. 志愿者
submarine,n. 潜水艇
commercial,n. 商业广告， 商业的
notion,n. 概念
lavatory,n. 厕所
tablet,n. 碑
actual,adj. 真实的
fold,n. 折痕
instrument,n. 仪器
compulsory,n. 规定动作，义务的
irritation,n. 刺激；激怒
expense,n. 损失
muddle,vt. 混合
originate,vt. 引起
induce,vt. 诱导
exchange,n. 交换
disharmony,n. 不一致
cosset,n. 宠儿
unique,n. 独一无二的人或物，独特的
crossword,n. 纵横字谜
atomic,adj. 原子的
disagree,vi. 不同意
check-up,n. 检查
silt,n. 淤泥
inclusive,adj. 包括的
transcript,n. 成绩单；抄本
include,vt. 包含
reasonable,adj. 合理的
abode,n. 住处
gadget,n. 小玩意
emergency,n. 紧急情况
legacy,n. 遗赠
leisure,n. 闲暇
overlap,n. 重叠
counterpart,n. 副本
tune,n. 曲调
strike,n. 罢工；打击；殴打
ambiguous,adj. 模糊不清的
represent,vt. 代表
vanish,
vi. 消失
mechanism,n. 机制；原理
dispute,n. 辩论
furniture,n. 家具
typical,adj. 典型的
strengthen,vt. 加强
workaholic,n. 专心工作的人
unaware,adj. 不知道的
erosion,n. 侵蚀
exclusively,adv. 唯一地
feather,n. 羽毛
pronounceable,adj. 可发音的
bare,adj. 空的；赤裸的
luggage,n. 行李
hose,n. 软管
bulb,n. 电灯泡
internal,n. 内脏
ion,n. [化学] 离子

cruise,n. 巡航
illusion,n. 幻觉
shave,vi. 剃须

list4
incredible,adj. 难以置信的
vertebrate,adj. 脊椎动物的
industrious,adj. 勤勉的
intestine,n. 肠
adj. 内部的
outpost,n. 前哨
general,n. 一般；将军
bother,n. 麻烦；烦恼
vt. 烦扰
consignment,n. 委托
administrator,n. 管理人
convention,n. 大会
organic,adj. [有化] 有机的
trapeze,n. 秋千
intersection,n. 交叉
concept,n. 观念
cardiovascular,adj. [解剖] 心血管的
humble,adj. 谦逊的
lecture,n. 演讲
counter,n. 柜台；对立面；计数器
brass,n. 黄铜
fauna,n. 动物群
expel,vt. 驱逐
equator,n. 赤道
invest,vi. 投资
essay,n. 散文
dedicate,vt. 致力
astrology,n. 占星术
attain,n. 成就
vt. 达到
divisional,adj. 分区的
ambition,n. 野心
range,n. 范围；幅度
ultimate,n. 终极
counsellor,n. 顾问
flap,n. 拍打
wastage,n. 损耗
earthquake,n. 地震
device,n. 装置
regulate,vt. 调节
mould,vi. 发霉
vt. 浇铸
potential,n. 潜能
discretion,n. 自由裁量权
ambitious,adj. 野心勃勃的
brief,n. 摘要
dorm,n. 宿舍（等于dormitory）
substitute,n. 代用品
striking,v. 打（strike的ing形式）
adj. 显著的
pirate,n. 海盗
refrigerator,n. 冰箱
minimise,vt. 使缩到最小
imaginative,adj. 富于想象的
profit,n. 利润
decrepit,adj. 衰老的
ignorant,adj. 无知的
leopard,n. 豹
mastery,n. 掌握
forecast,n. 预测
precision,n. 精度
quote,n. 引用
vi. 报价
comparative,n. 比较级
recruit,n. 招聘
gloss,n. 光彩
committee,n. 委员会
exile,n. 流放
representative,n. 代表；典型；众议员
adj. 典型的
finance,n. 财政
resign,n. 辞去职务
vi. 辞职
vt. 辞职
preparation,n. 预备
eyesight,n. 视力
thrive,vi. 繁荣
judgment,n. 判断
outward,adj. 向外的
consequently,adv. 因此
entertain,vt. 娱乐
withstand,vt. 抵挡
anthropologist,n. 人类学家
comb,n. 梳子
suitably,adv. 适当地


list5
pulley,n. 滑轮
privilege,n. 特权
infrastructure,n. 基础设施
allocate,vt. 分配
trap,n. 陷阱
intern,n. 实习生
repaint,n. 重新油漆的东西
specialist,n. 专家
inlet,n. 入口
censor,n. 检查员；[心理] 潜意识压抑力；信件检查员
vt. 审查
rear,n. 后面
shareholder,n. 股东
bid,n. 出价
alight,adj. 烧着的
credit,n. 信用
shrewd,n. 精明（的人）
conclude,vi. 推断；断定；决定
vt. 推断；决定
explosive,n. 炸药
inherent,adj. 固有的；内在的；与生俱来的
world-wide,adj. 遍及全世界的
grope,n. 摸索
lever,n. 杠杆
ethical,n. 处方药
adj. 伦理的
improvement,n. 改进
vacant,adj. 空虚的
truant,n. 旷课者；懒惰的人
scandal,n. 丑闻
latent,adj. 潜在的
tenant,n. 承租人
psychiatric,adj. 精神病学的
campfire,n. 营火
bolster,n. 支持
immigrant,n. 移民
sequence,n. [数][计] 序列
ecosystem,n. 生态系统
concern,n. 关系；关心；关心的事；忧虑
vt. 涉及
transfer,n. 转让
exotic,adj. 异国的
evaporate,vt. 蒸发，脱水
destiny,n. 命运
hide,n. 躲藏
former,n. 模型
awful,adj. 可怕的
sore,n. 溃疡
virtually,adv. 事实上
tangibly,adv. 可触知地
windscreen,n. 汽车挡风玻璃
decent,adj. 正派的
alluvial,adj. 冲积的
slum,n. 贫民窟
distill,vt. 提取
economical,adj. 经济的
fate,n. 命运
medication,n. 药物
target,n. 目标
independent,n. 独立自主者
radius,n. 半径
fossil,n. 化石；顽固不化的人

shade,n. 树荫
headmaster,n. 校长
wean,n. （苏格兰）幼儿
vt. 使断奶
comprise,vt. 包含
stable,n. 马厩
disappointing,adj. 令人失望的
delta,n. （河流的）三角洲
urban,adj. 城市的
compliment,n. 恭维
execution,n. 执行

list6
heritage,n. 遗产
appropriate,adj. 适当的；恰当的
annual,n. 年刊
depict,vt. 描述
literacy,n. 读写能力
calculate,vt. 计算
luxury,n. 奢侈
souvenir,n. 纪念品
constant,n. [数] 常数
dormancy,n. [生物] 休眠
particular,n. 详细说明
subscription,n. 捐献
pitch,n. 沥青
entitle,vt. 称做…
shutter,n. 快门
demolish,vt. 拆除
durable,adj. 耐用的
cope,n. 长袍
vi. 处理
circulation,n. 流通
tradition,n. 惯例
benefit,n. 利益
decay,n. 衰退
distribution,n. 分布
defect,n. 缺点
oppose,vt. 反对；对抗
statistics,n. 统计
stuffy,adj. 闷热的
approximately,adv. 大约
excusable,adj. 可原谅的
propose,vi. 建议；求婚
ornament,n. 装饰
energetic,adj. 精力充沛的
atmospheric,adj. 大气的
cooperative,n. 合作社，合作的
corrode,vt. 侵蚀
honour,n. 荣誉
except,conj. 除了
soluble,adj. [化学] 可溶的
administration,n. 管理
environment,n. 环境
license,n. 执照
underline,n. 下划线
activate,vt. 刺激
major,adj. 主要的
specific,n. 特性；特效药
objective,adj. 客观的
concentrate,n. 浓缩
conflict,n. 冲突
antidote,n. [药] 解毒剂
discover,vi. 发现
necessarily,adv. 必要地
continent,n. 大陆
turret,n. 炮塔
elastic,n. 松紧带
enhance,vt. 提高
demonstration,n. 示范
interrupt,n. 中断
redundant,adj. 多余的
mishandle,vt. 虐待
discovery,n. 发现
alcohol,n. 酒精
suppression,n. 抑制
mainly,adv. 主要地
crisp,adj. 脆的
guilty,adj. 有罪的
crack,n. 裂缝

list7
flourish,n. 兴旺；茂盛；挥舞；炫耀；华饰
vi. 繁荣
dimensional,adj. 空间的
gravel,n. 碎石
advertisement,n. 广告
insulation,n. 绝缘；隔离
hesitation,n. 犹豫
undermine,vt. 破坏
eliminate,vt. 消除
exclude,vt. 排除
laundry,n. 洗衣店
apparently,adv. 显然地；似乎
gelatin,n. 明胶
stimulate,vi. 起刺激作用；起促进作用
vt. 刺激；鼓舞
fuel,n. 燃料；刺激因素
vt. 供以燃料
operational,adj. 操作的
image,n. 影像
distribute,vt. 分配
notice board,na. 布告牌

intend,vi. 有打算
vt. 打算
empirical,adj. 经验主义的
probation,n. 试用
depression,n. 沮丧
proximity,n. 接近
attention,n. 注意力
factual,adj. 事实的
acclaim,n. 欢呼
carry,n. 运载；射程

devastate,vt. 毁灭
response,n. 响应
postcode,n. （英）邮政编码
dull,adj. 钝的
basis,n. 基础
tropical,adj. 热带的
rumour,n. 谣言
endeavour,n. 尽力
address,n. 地址
payment,n. 付款
superb,adj. 极好的
intention,n. 意图
demonstrate,vt. 证明
agenda,n. 议程
illuminate,vt. 阐明
slim,adj. 苗条的
warrant,n. 根据
optimism,n. 乐观
rank,n. 排
dimension,n. 方面;[数] 维
avail,vi. 有益于
dioxide,n. 二氧化物
block,n. 块；街区，障碍物
administrative,adj. 管理的
frustrating,
resistant,n. 抵抗者
overdue,adj. 过期的
impressive,adj. 感人的
analysis,n. 分析
verdict,n. 结论
refresher,n. 可提神的人或物
blaze,n. 火焰
misjudge,
pregnant,adj. 怀孕的
unyielding,adj. 不屈的
exterior,n. 外部
approve,vi. 批准
client,n. [经] 客户
vernacular,n. 本地话
compare,vi. 相比
transparent,adj. 透明的
cassette,n. 盒式磁带
deputy,n. 代理人
fraud,n. 欺骗
bind,n. 捆绑
fragrance,n. 香味
marketplace,n. 市场
acute,adj. 严重的
ripe,adj. 熟的
vet,n. 兽医，审查
collate,vt. 核对
infer,vi. 推断
fiction,n. 小说；虚构
ability,n. 能力
sector,n. 部门；扇形
creep,n. 爬行
casual,n. 便装
interpretation,n. 解释
trimester,n. 三个月
consensus,n. 一致
redevelopment,n. 再开发
auditorium,n. 礼堂
condition,n. 条件
furnish,vt. 提供
stabilise,vt. 使…坚固
incoming,n. 进入；到来； incomings 收入
alignment,n. 队列
boot,n. 靴子
ozone layer,n. 臭氧层

acid,n. 酸
booming,adj. 兴旺的
definite,adj. 一定的
deem,vt. 认为
narrator,n. 叙述者
reorient,vt. 使适应
reckon,vi. 估计；计算；猜想
tutorial,n. 辅导的，家庭教师的
reference,n. 参考
sledge,n. 雪橇
exaggerate,vt. 使扩大
restriction,n. 限制
abandon,n. 放任
priority,n. 优先
habitat,n. [生态] 栖息地
encourage,vt. 鼓励
celebrity,n. 名人
significance,n. 意义
magnetic,adj. 地磁的
slippery,adj. 滑的
graphic,adj. 形象的
examine,vt. 检查
opportunity,n. 时机
distinguish,vi. 区别
blanket,n. 毛毯
arrogance,n. 自大
era,n. 时代
stimulus,n. 刺激
roam,n. 漫步
provided,conj. 假如
comparison,n. 比较
depend,vi. 依赖
composition,n. 作文
architecture,n. 建筑学
hurdle,n. 障碍
teamwork,n. 团队合作
damp,n. 潮湿
staff,n. 职员
symbol,n. 象征
apt,adj. 恰当的
homogeneous,adj. 均匀的；同类的
conserve,n. 果酱
spasm,n. [临床] 痉挛
invisible,adj. 无形的
devote,vt. 致力于
illustrate,vi. 举例
vt. 阐明
terrace,n. 平台；梯田；阳台
dynamic,n. 动态
throughout,prep. 贯穿
smart,adj. 聪明的
criticise,vt. 批评
beyond,prep. 超过
hinterland,n. 内地
fumes,n. 烟气
positive,n. 正数， 积极的
assistant,n. 助手
cannon,n. 大炮
hockey,n. 曲棍球
liberty,n. 自由
pesticide,n. 自由；许可
poll,n. 投票
refundable,adj. 可退还的
homesick,adj. 想家的
compassionate,adj. 慈悲的
orientate,vi. 向东
insight,n. 洞察力
resist,n. 抗蚀剂；抵抗；忍耐
glide,vi. 滑翔
casualty,n. 意外事故
belief,n. 相信
concentration,n. 浓度
tug,n. 拖船
proceed,vi. 发生；行进，收入
status,n. 地位
document,n. 文件
mattress,n. 床垫
hostile,n. 敌对，敌对的
intervene,vi. 干涉
promote,vt. 促进
bump,n. 肿块
reunion,n. 重聚；同学会
digestive,n. 助消化药，消化的
homestay,n. （在国外访问者）居家的时期
commit,vt. 犯罪
practically,adv. 实际地
acrobat,n. 杂技演员
revenue,n. 税收
nickel,n. 镍
limp,adj. 柔软的
spit,n. 唾液，吐痰
irregularity,n. 不规则
breeze,n. 微风
avenue,n. 大街；林荫大道，途径
magnify,vt. 放大
hive,n. 蜂房
oxide,n. [化学] 氧化物
calf,n. [解剖] 腓肠
plagiarism,n. 剽窃
gallop,n. 疾驰
pledge,n. 保证
effective,adj. 有效的
appreciate,vi. 增值
deny,vi. 否认；拒绝
union,n. 联盟
conform,adj. 一致的
handy,adj. 便利的；手边的
notify,vt. 通告
splendid,adj. 辉煌的
direction,n. 方向
execute,vt. 实行
witness,n. 证人
elbow,n. 肘部
limited,adj. 有限的，高级快车
vessel,n. 船
private,n. 列兵
stereo,n. 立体声
soak,n. 湿透；大雨， 吸收
stout,n. 矮胖子
greasy,adj. 油腻的
boast,n. 自夸；值得夸耀的事物
swift,n. 褐雨燕，迅速的；敏捷的
ignorance,n. 无知
aesthetic,adj. 美的；美学的；审美的
screen,n. 屏幕，拍电影，放映
absent,adj. 缺席的
scrape,n. 刮掉
promotion,n. 提升
recreation,n. 娱乐
specialise,vt. 使专门化
magnificent,adj. 高尚的
spasmodic,adj. 痉挛的
fund,n. 基金
perceive,vt. 察觉
manufacturer,n. 制造商
specification,n. 规格
schedule,n. 时间表，安排
arrangement,n. 布置
destruction,n. 破坏
extinguisher,n. 灭火器
assume,vt. 僭取
proportion,n. 比例
forth,adv. 向前
referee,n. 裁判员
forgo,vi. 放弃
assistantship,n. 助教奖学金
conversation,n. 交谈
recommendation,n. 推荐
graph,n. 图表
offset,n. 抵消
humanity,n. 人类
intact,adj. 完整的
stripe,n. 条纹
mechanical,adj. 机械的
junction,n. 连接
siesta,n. （西）午睡
detect,vt. 察觉
detour,n. 绕道
arthritis,n. [外科] 关节炎
barrier,n. 障碍物
replace,vt. 取代
justice,n. 司法
diploma,n. 毕业证书
visa,n. 签证， 签发签证

cosmic,adj. 宇宙的（等于cosmical）
extendable,adj. 可延长的
abundance,n. 充裕
supervisor,n. 监督人
jumble,n. 混乱
equip,vt. 装备
permanent,n. 烫发（permanent wave），永久的
embed,vt. 栽种；使嵌入
orientation,n. 方向
deprive,vt. 使丧失
amaze,vt. 使吃惊
dividend,n. 红利
preference,n. 偏爱
contract,n. 合同
uneasy,adj. 不舒服的
automatically,adj. 不经思索的，自动地
female,n. 女人；女性的；雌性的；柔弱的
asset,n. 资产
athlete,n. 运动员
clarity,n. 清楚
swap,n. 交换
sophisticated,adj. 复杂的
bulk,n. 体积
machinery,n. 机械
intimate,n. 知己
restrict,vt. 限制
waist,n. 腰
calibre,n. [军] 口径
harsh,adj. 严厉的
parliament,n. 议会
flight,n. 飞行
remind,vt. 提醒
aquarium,n. 水族馆
cell,n. 细胞
dweller,n. 居民
declare,vt. 宣布
suitcase,n. [轻] 手提箱
graduate,n. 研究生
predict,vi. 作出预言；作预料
headquarters,n. 总部
coverage,n. 覆盖
enforce,vt. 实施
specialty,n. 专业
intrinsic,adj. 本质的
medical,adj. 医学的
stick,n. 棍；手杖；坚持， 刺
realistic,adj. 现实的
indifferent,adj. 漠不关心的；无关紧要的
retailer,n. 零售商
turnover,n. 翻覆
brand,n. 商标
accompany,vt. 陪伴
cheat,n. 欺骗
mention,vt. 提到
level,n. 水平
lateral,adj. 侧面的
dense,adj. 稠密的
flash,n. 闪光
snack,n. 小吃
marvellous,adj. 不可思议的
export,n. 输出
tribute,n. 礼物；[税收] 贡物；颂词
sanitary,n. 公共厕所， 卫生的
submit,vi. 提交
archive,n. 档案馆
anecdotal,adj. 轶事的
shorthand,n. 速记
exceptional,n. 超常的学生，异常的
rude,adj. 粗鲁的
resume,n. 摘要；[管理] 履历
bookrest,n. 阅书架
primitive,n. 原始人， 原始的
craft,n. 工艺
hire,n. 雇用
goggles,n. [安全] 护目镜
thereby,adv. 从而
stake,n. 桩
barge,n. 驳船
aerobics,n. 有氧运动法
shrub,n. 灌木
slat,n. 板条
legal,adj. 法律的
cinematography,n. 电影艺术
contribute,vt. 贡献
imagination,n. [心理] 想象力
bronchitis,n. [内科] 支气管炎
exacerbate,vt. 使加剧
intrusion,n. 侵入
cancel,vi. 取消
cork,n. 软木橡树皮
data,n. 数据（datum的复数）
buffalo,n. [畜牧][脊椎] 水牛
insufficient,adj. 不足的
grocery,n. 食品杂货（店）
humid,adj. 潮湿的
relation,n. 关系
confuse,vt. 使混乱
correspondence,n. 通信
allocation,n. 分配
entertainment,n. 娱乐
conquer,vt. 战胜
decoration,n. 装饰
reward,n. [劳经] 报酬
larva,n. [水产] 幼体
semester,n. 学期
offspring,n. 后代
occasional,adj. 偶然的
crater,n. 火山口
ensue,vi. 跟着发生
instruct,vt. 指导
declaration,n. （纳税品等的）申报
flexibility,n. 灵活性
native,adj. 本国的
significant,n. 象征
loyalty,n. 忠诚
conditioner,n. 调节器
reduce,vi. 减少
controversy,n. 争论
dwell,vi. 居住
sensation,n. 感觉
scrap,n. 碎片
anxious,adj. 焦虑的
recipient,n. 容器
identical,n. 完全相同的， 同一的
clay,n. [土壤] 粘土
rival,n. 对手
tropospheric,adj. 对流层的
attraction,n. 吸引
earthwork,n. [建] 土方工程
surround,n. 围绕物
vt. 围绕
impression,n. 印象；效果
horrify,vt. 使恐惧
introduction,n. 介绍
compact,n. 合同
enquire,vi. 询问
onwards,adv. 向前
memorandum,n. 备忘录
rectangular,adj. 矩形的
kidney,n. [解剖] 肾脏
standpoint,n. 立场
curative,n. 药品
predominantly,adv. 主要地
clutch,n. 离合器
combine,n. 联合收割机，使联合
chart,n. 图表
asthma,n. [内科][中医] 哮喘
signature,n. 署名
occasion,n. 时机
mineral,n. 矿物
invaluable,adj. 无价的
recover,n. 恢复，重获
moderation,n. 适度
documentation,n. 文件
critical,adj. 鉴定的，批评的
vocational,adj. 职业的
summary,n. 概要，总结
remove,n. 移动；距离
coffer,n. 围堰
bound,n. 范围
trinket,n. 小装饰品
expire,vi. 期满
accessible,adj. 易接近的
backbone,n. 支柱；决心
attribute,n. 属性
magnitude,n. 大小
compatible,adj. 兼容的
entrepreneur,n. 企业家
proposal,n. 提议
coach,n. 教练
fatal,adj. 致命的
currency,n. 货币
disapprove,vi. 不赞成
complain,vi. 投诉
fact sheet,资料页
audacious,adj. 无畏的
disrupt,vt. 破坏；使瓦解
tramp,n. 流浪者， 流浪；践踏
pest,n. 害虫
inflation,n. 膨胀
statement,n. 声明；陈述
amount,n. 数量；总额
given,prep. 考虑到，给予
advanced,adj. 先进的
milestone,n. 里程碑
crank,n. 曲柄
lexicographer,
bunch,n. 群
costume,n. 服装
scare,n. 恐慌
manipulate,vt. 操纵
juvenile,adj. 青少年的
phenomenon,n. 现象
freight,n. 货运
vulnerable,adj. 易受攻击的
steam,n. 蒸汽；精力，蒸汽的
valuable,n. 贵重物品，有价值的
presumably,adv. 大概
sanctuary,n. 避难所
bring out,na. 公布
arithmetic,n. 算术
request,n. 请求；需要，要求
dash,n. 破折号
treatment,n. 治疗
coarse,adj. 粗糙的
insecure,adj. 不安全的
linen,n. 亚麻布
inspiration,n. 灵感
generous,adj. 慷慨的
cultivate,vt. 培养
campaign,n. 运动
disorder,n. 混乱
spot,n. 地点
outcome,n. 结果
aggravate,vt. 加重
deception,n. 欺骗
sharpen,vt. 削尖
practical,adj. 实际的
pliable,adj. 柔韧的
disposal,n. 处理
subsidiary,n. 子公司
cautious,adj. 谨慎的
pattern,n. 模式
terrain,n. [地理] 地形
darkroom,n. 暗房
kneel,vi. 跪下
overwhelm,vt. 淹没
contempt,n. 轻视
recognize,vt. 认出
badge,n. 徽章
economic,adj. 经济的
feeble,adj. 微弱的
virtue,n. 美德
fibre,n. 纤维
pulverise,
inductive reasoning,
fertilise,vt. 使受精
ration,n. 定量
debt,n. 债务
attractive,adj. 吸引人的
conquest,n. 征服
sophisticate,n. 久经世故的人
snap,n.劈啪声；突然折断，突然的
express,n. 快车
identifiable,adj. 可辨认的
nominal,adj. 名义上的
bump into,v. 偶然碰到
graphology,n. 笔迹学
register,n. 登记
extremely,adv. 非常
rot,n. 腐烂
ambulance,n. [车辆][医] 救护车
miserable,adj. 悲惨的
continuous,adj. 连续的
divide,n. [地理] 分水岭
gross,n. 总额
cloakroom,n. 衣帽间
short-term,
refusal,n. 拒绝
coupon,n. 息票
tome,n. 册
toxin,n. 毒素
simultaneously,
ridiculous,adj. 可笑的
chip,n. 芯片；碎片；食物薄片

polish,n. 磨光
wonder,n. 惊奇
scholarship,n. 奖学金；学识
familiarise,
expectancy,n. 期望
shilling,
blueprint,n. 蓝图
interplay,n. 相互影响
convenient,adj. 方便的
genuine,adj. 真实的
attentive,adj. 留意的
personal,n. 人事消息栏
vitality,n. 活力
advisable,adj. 明智的
bankrupt,
deplete,vt. 耗尽
influence,n. 影响
fantasy,n. 幻想
tragic,adj. 悲剧的；悲痛的
splint,n. 夹板
foam,n. 泡沫
occupation,n. 职业
format,n. 格式
bachelor,n. 学士
typhoon,
appointment,n. 任命
slope,n. 斜坡
complex,n. 复合体
overhead,adv. 在头顶上
prey,n. 捕食
catalogue,n. 目录
prerequisite,
assessment,n. 评定
suggest,vt. 提议
volt,n. 伏特（电压单位）
weed,n. 杂草
screw,n. 螺旋；螺丝钉；吝啬鬼
enlighten,vt. 启发
textile,n. 纺织品
hesitate,vt. 踌躇
tutor,n. 导师
topsoil,n. 表层土
background,n. 背景
impossible,n. 不可能
promise,n. 许诺
battery,n. [电] 电池
thunder,n. 雷
delicate,adj. 微妙的；精美的
account,n. 账户；解释；账目
booklet,
layout,n. 布局
venture,n. 企业
shrink,vi. 收缩；畏缩
gland,
curriculum,
shortage,n. 缺乏
accreditation,n. 委派
clerk,n. 职员
attach,vi. 附加
flip,n. 弹
comment,n. 评论
emphasize,vt. 强调
flame,n. 火焰
foresee,vt. 预见
historic,adj. 有历史意义的
provision,n. 规定
president,n. 总统
internist,
reception,n. 接待
suspend,vt. 延缓
explorer,n. 探险家
untrustworthy,adj. 靠不住的
prospective,n. 预期
percentage,n. 百分比；百分率
clue,n. 线索
stammer,n. 口吃
hawk,n. 鹰；鹰派成员；兜售
swamp,n.沼泽；湿地,下沉swamped
jealous,adj. 妒忌的
favour,n. 偏爱
fickle,adj. 浮躁的
uphill,n. 上升；登高， 上坡的
succeed,vi. 成功
gender,n. 性别；性交，生（gendered）
consecutive,adj. 连贯的
diversion,n. 转移
donate,n. 捐赠
defence,n. 防御
volume,n. 量
refund,n. 退款；偿还
regardless,adj. 不管的；不顾的
emboss,vt. 使凸出
internationalist,n. 国际主义者
scatter,n. 分散；散播
appetite,n. 食欲
prevail,vi. 盛行
glossary,n. 术语（特殊用语）表
consolidation,n. 巩固
sulphuric acid,
goodwill,n. [贸易] 商誉
amass,vt. 积聚
federal,adv. 联邦政府地， 联邦的
consideration,n. 考虑
grip,n. 紧握
mansion,n. 大厦
galaxy,n. 银河
route,n. 路线
deficiency,n. 缺陷
opposite,adj. 相反的
sensational,adj. 轰动的
participation,n. 参与
relief,n. 救济；减轻
cultivation,n. 培养
pretension,n. 自负
harness,n. 马具
bent,n. 爱好
dormitory,n. 宿舍
stitch,n. 针脚
manual,adj. 手工的；体力的，手册
mite,n. 极小量
burglar,n. 夜贼
scheme,n. 计划
addition,n. 添加
sensory,adj. 感觉的
grove,n. 小树林
materialistic,adj. 唯物主义的
detach,vt. 分离
thirsty,adj. 口渴的
inspect,vt. 检查
seam,n. 缝
overwork,
parental,adj. 父母亲的
sediment,n. 沉积
various,adj. 各种各样的
resit,n. 补考
menace,n. 威胁
contain,vi. 含有
fasten,vt. 使固定
establish,vi. 建立
position,n. 位置
simulate,adj. 模仿的
scratch,n. 擦伤
flexitime,
assist,n. 帮助
mammal,
illegal,n. 非法移民
ultimately,adv. 最后
sinew,n. 筋
artificial,adj. 人造的
veil,n. 面纱
tend,vt. 照料
removal,n. 免职
parallel,n. 平行线；平行的；类似的
compel,vt. 强迫
immediately,adv. 立即
institute,n. 学会
serial,n. 电视连续剧
oversee,vt. 监督；俯瞰；偷看到
reinforce,n. 加强，加固材料
commitment,n. 承诺
donation,n. 捐款
curious,adj. 好奇的
jungle,n. 丛林
overdraft,n. [金融] 透支
optical,adj. 光学的；眼睛的
otherwise,adv. 否则；另外；另外的
possession,n. 拥有
however,adv. 无论如何，然而
cultural,adj. 文化的
morality,n. 道德；品行
transaction,n. 交易；事务
twofold,adj. 双重的
solution,n. 解决方案
embassy,n. 大使馆
remark,n. 注意
delay,n. 延期
congress,n. 国会
germ,n. [植] 胚芽
fashion,n. 时尚
carousel,
splash,n. 飞溅的水；污点
beforehand,adj. 提前的
spade,n. 铁锹
filter,n. 滤波器
aspect,n. 方面
objection,n. 异议
tunnel,n. 隧道
contrast,n. 对比
effect,n. 影响
parcel,n. 包裹
distance,n. 距离
stem,n. 干
normal,adj. 正常的；正规的
sincere,adj. 真诚的
summarise,vt. 总结
vice versa,adv. 反之亦然
foetus,
merge,vt. 合并
aware,adj. 意识到的
guarantee,n. 保证
interrelationship,
stationery,n. 文具
limestone,
impulse,n. 冲动
wax,n. 蜡
incapacitate,vt. 使无能力
appear,vi. 出现
check,n. <美>支票；制止
collect,vt. 收集
attract,vt. 吸引
describe,vt. 描述
chunk,n. 大块
agency,n. 代理
blend,n. 混合
conceive,vi. 怀孕
affect,n. 情感
frustrate,vt. 挫败
extend,vt. 延伸
introduce,vt. 介绍
advice,n. 建议
attitude,n. 态度
deliver,n. 投球，交付
course,n. 科目；课程；过程
match,vt. 使比赛；使相配；敌得过
employ,n. 使用；雇用
pedal,n. 踏板
resident,n. 居民
optometrist,n. 验光师
degrade,vt. 贬低； 降级
particle,n. 颗粒
downpour,n. 倾盆大雨
telescope,n. 望远镜
transport,n. 运输
prepare,vt. 准备
registration,n. 登记
chaos,n. 混沌
gorge,n. 峡谷
recreational,adj. 娱乐的
systematic,adj. 系统的；体系的
subtropical,
detract,vi. 贬低；减去，转移
seal,n. 密封
depress,vt. 压抑
scarce,adj. 缺乏的
evidence,n. 证据
besides,prep. 除…之外，此外
exclusive,n. 独家新闻
majority,n. 多数
despite,prep. 尽管
dissolve,n. 叠化画面
release,n. 释放
deploy,n. 部署
vt. 配置
original,n. 原件
branch,n. 树枝
chancellor,n. 总理（德、奥等的）
herbivore,
flat,n. 平地；公寓，单调的，平坦的
occasionally,adv. 偶尔
harridan,n. 脾气暴躁的老泼妇
accommodation,n. 住处
static,n. 静电
section,n. 截面
scale,n. 规模
constantly,adv. 不断地
ailment,n. 小病
extracurricular,adj. 课外的
propel,vt. 推进
overseas,adv. 在海外
industrialise,
empire,n. 帝国；帝王统治
mechanic,n. 技工
fracture,n. 破裂
glacial,adj. 冰的
badminton,
dock,n. 码头
argument,n. 论证
chase,n. 追逐
brochure,n. 手册
convince,vt. 说服；使确信
teem,vt. 倒出
vi. 大量出现
confront,vt. 面对
exhibition,n. 展览
whereas,conj. 然而
oak,n. 橡树
additional,adj. 附加的
overlapping,adj. 重叠
poultry,
pregnancy,n. 怀孕；丰富
confirmation,n. 确认
unquote,
embezzlement,n. 侵占
acrobatic,adj. 杂技的
numerous,adj. 许多的
balcony,n. 阳台
postgraduate,n. 研究生
well-being,n. 幸福
at random,na. 碰运气地
prime,n. 初期
settle,n. 有背长椅
vi. 解决
fallow,n. 休耕地
troupe,n. 剧团
premise,n. 前提；上述各项；房屋地基

discerning,adj. 有辨识能力的
niggle,vi. 拘泥小节
prospectus,n. 内容说明书
liaise,vi. 保持联络
excavation,n. 挖掘
continental,n. 欧洲人
adj. 大陆的
modernism,n. 现代主义
artery,n. 动脉
premium,n. 额外费用
glamor,n. 魅力
barbecue,n. 烤肉
material,adj. 重要的；物质的
adapt,vi. 适应
vt. 使适应
gullibly,易受骗地
succession,n. 连续
sift,vt. 筛选
spark,n. 火花
sympathy,n. 同情
chill,n. 寒冷；寒心，冷冻
multinational,adj. 跨国公司的
exposure,n. 暴露
fierce,adj. 凶猛的
crime,n. 罪行
constitute,vt. 组成
deceive,v. 欺骗
haul,n. 拖
emission,n. （光、热等的）发射
procession,n. 队伍
bistro,
crash,n. 撞碎
pearl,n. 珍珠
workforce,n. 劳动力；工人总数
sociology,n. 社会学
violent,adj. 暴力的
frock,n. 女装
epidemic,n. 传染病
grab,n. 攫取
statue,n. 雕像
appliance,n. 器具
facility,n. 设施
consolation,n. 安慰
texture,n. 质地；纹理；结构；本质
assumption,n. 假定
dissatisfied,v. 使不满，不满意的
simultaneous,adj. 同时的
sundial,n. 日晷
toxic,adj. 有毒的
utilise,vt. 使用（等于utilize）
conformity,n. 一致
overrate,vt. 过高估计
dormant,adj. 休眠的
displace,vt. 取代
embrace,n. 拥抱，信奉
engrave,vt. 雕刻
disrespectful,adj. 无礼的
invade,vt. 侵略
arcade,n. 拱廊
commentary,n. 评论
recreate,vt. 再创造
mock,vt. 愚弄
territory,n. 领土
prohibit,vt. 阻止
shipment,n. 装货
calendar,n. 日历
magic,n. 巫术
slip,n. 滑
shatter,n. 碎片
truce,n. 停战
discount,n. 折扣
tough,n. 恶棍，艰苦的
volunteer,n. 志愿者
eruption,n. 爆发
pension,n. 退休金
assignment,n. 分配
assign,vt. 分配
concert,n. 音乐会
microbiology,
stainless,adj. 不锈的；纯洁的
hallowed,adj. 神圣的
climate,n. 气候
bring around,na. 说服
bring round,na. 说服
relevance,n. 关联
reluctant,adj. 不情愿的
regularity,n. 规则性
laterality,
predominant,adj. 主要的
trek,
vi. 艰苦跋涉，牛拉（货车）
daunt,vt. 使气馁
itinerary,n. 旅程
acclimatise,vi.& vt. （使）服水土
meadow,n. 草地
forthcoming,
structure,n. 结构
quantity,n. 量
integral,n. 积分；完整，积分的；完整的
intensive,n. 加强器，加强的
acknowledge,vt. 承认
liquor,n. 酒
presence,n. 存在
develop,vi. 发育
blast,n. 爆炸
pudding,
greatly,adv. 很
sporadically,adv. 零星地
imitate,vt. 模仿
constitution,n. 宪法；体制；建立
photography,n. 摄影
modem,
advocate,n. 提倡；支持者；律师
maintenance,n. 维护
spouse,
furnace,n. 火炉
expedition,n. 远征
incendiary,n. 燃烧弹；纵火犯
expansion,n. 膨胀
encase,vt. 包住
invalid,n. 病人
unbiased,adj. 公正的
postpone,vt. 使…延期；延缓
skim,n. 撇
preface,n. 前言
retain,vt. 保持
culminate,vt. 使结束
robotic,n. 机器人学
adj. 机器人的
profile,n. 侧面
salinity,n. 盐度
aggravation,n. 加剧
incident,n. 事件
previous,adj. 以前的
spice,n. 香料
bore,n. 孔
lull,vt. 使平静
county,n. 郡
betray,vt. 背叛
underlying,adj. 潜在的
dispiriting,adj. 令人沮丧的
opulent,adj. 丰富的
plush,adj. 豪华的
dispense,vi. 免除
behalf,n. 代表
initial,n. 词首大写字母，最初的
govern,vt. 管理
mingle,vi. 混合
charter,n. 宪章
formidable,adj. 强大的
belt,n. 带
crockery,n. 陶器
diversify,vt. 使多样化
threshold,n. 入口
vacation,n. 假期；（房屋）搬出，休假
skyscraper,n. 摩天楼
draft,n. 汇票；草稿；写提纲；征募

deter,vt. 制止
promising,v. 许诺
goal,n. 目标；球门
crush,n. 迷恋；压榨；拥挤的人群， 压碎
stream,n. 溪流
thigh,n. 大腿
maximise,vt. 最大化
sleek,adj. 圆滑的
entrust,vt. 委托
pamper,vt. 纵容
veterinarian,
demolition,n. 拆除（等于demolishment）
derelict,n. 遗弃物
synchronise,vt. 使同步
ornamental,adj. 装饰的
estuary,n. 河口
leaflet,n. 小叶
cascade,n. 小瀑布
irritate,vt. 刺激
hatch,n. 孵化
commence,v. 开始
initiative,n. 主动权
track,n. 轨道；足迹
fruitful,adj. 富有成效的
stationary,n. 不动的人
crawl,n. 爬行
rotate,vt. 使旋转
spoil,n. 次品
flask,n. [分化] 烧瓶；长颈瓶
camper,n. 露营者
attend,vi. 出席
rim,n. 边
motivate,vt. 刺激
patent,n. 专利权
architect,n. 建筑师缔造者
symptom,n. [临床] 症状
tremendous,adj. 极大的
in accordance with,na. 照
destination,n. 目的地
welfare,n. 福利
envisage,vt. 正视
binoculars,n. [光] 双筒望远镜
glutamate,n. [生化] 谷氨酸盐
spoilage,n. 损坏
misconception,n. 误解
vegetation,n. 植被；植物
conceptual,
erroneous,adj. 错误的
robust,adj. 强健的
get off track,脱轨
immense,adj. 巨大的
pull up stakes,na. 离开
baron,n. 男爵
independence,n. 独立性
intense,adj. 强烈的
thesis,n. 论文
withdraw,vt. 撤退
sceptical,adj. 怀疑的
flicker,n. 闪烁
cord,n. 绳索
lower,vt. 减弱
primary,n. 原色
coincide,vi. 一致
mess,n. 混乱；食堂
design,n. 设计
insist,vi. 坚持
crew,n. 队
exhaustion,n. 枯竭
geographical,adj. 地理的
indigenous,adj. 本土的
consistent,adj. 始终如一的
sympathetic,n. 交感神经
personalize,vt. 使个性化
incompatible,n. 互不相容的人或事物，不相容的
predominate,vt. 支配
complexity,n. 复杂
terrestrial,n. 陆地生物；地球的；陆地的
commission,n. 委员会
beware,vt. 注意
compensation,n. 补偿
issue,n. 问题；期号；发行物，发行
finite,n. 有限之物，有限的
curly,adj. 卷曲的
wildlife,
swallow,n. 燕子
hasty,adj. 轻率的
geometry,
stuff,n. 东西
landward,adj. 近陆的
vigorous,adj. 有力的
subordinate,n. 下属
correspond,vi. 符合
farewell,n. 告别
adjacent,adj. 邻近的
charity,n. 慈善
comedy,n. 喜剧
gorgeous,adj. 华丽的
recommend,vt. 推荐
grim,adj. 冷酷的
apparatus,n. 装置
dome,n. 圆屋顶
formal,n. 正式的社交活动
explore,vi. 探索
extension,n. 延长
consist,vi. 由…组成
brew,n. 啤酒
sacrifice,n. 牺牲
degenerate,n. 堕落的人，退化的
intelligent,adj. 智能的
historian,
fancy,n. 幻想
aspiration,n. 渴望
considerable,adj. 相当大的；重要的
clumsy,adj. 笨拙的
gleam,n. 微光
plastic,n. 塑料制品
fascinate,vt. 使着迷
evaluate,vt. 评价
curiosity,n. 好奇
residential,adj. 住宅的
sole,n. 鞋底
decade,n. 十年
fitting,n. 装配
rudimentary,adj. 基本的
courtship,n. 求爱
ritual,n. 仪式
stereoscopic,adj. 立体的
interface,n. 界面；接口；接合
preliminary,n. 准备
turbid,adj. 浑浊的
repertoire,n. 全部节目
monotonous,adj. 单调的
speculation,n. 投机
resemble,vt. 类似
perspective,n. 观点
rendition,n. 译文
metaphorical,adj. 比喻性的
interpret,vi. 解释
perimeter,n. 周长
jerk,n. 肌肉抽搐
visual,adj. 视觉的
doctoral,n. 博士论文，博士的
distort,vt. 扭曲
and so forth,na. 等等
expose,vt. 揭露
sponge,n. 海绵
audition,n. 听力
reliable,n. 可靠的人，可靠的
abstraction,n. 抽象
mount,vt. 增加；爬上；安装
announce,vt. 宣布
headline,n. 大标题
horror,n. 惊骇
collapse,n. 倒塌；失败；衰竭
assistance,n. 援助
discriminate,vi. 区别
destructive,adj. 破坏的；毁灭性的；有害的
authority,n. 权威
mild,adj. 温和的
capacity,n. 能力；容量；资格
latitude,n. 纬度
circus,n. 马戏
comet,
grin,v. 露齿而笑
democratic,adj. 民主的
install,vt. 安装
faculty,n. 科
cucumber,n. 黄瓜
institution,n. 制度
Kung Fu,n. 功夫（中国拳术）
probability,n. 可能性
bizarre,adj. 奇异的（指态度
gravity,n. 重力
cap,n. 盖
external,n. 外部
absurd,n. 荒诞
separate,n. .分开
inclination,n. 倾向
pressure,n. 压力；压迫
conviction,n. 定罪；确信；证明有罪
tranquility,n. 宁静
facilitate,vt. 促进
grand,n. 大钢琴
acumen,n. 聪明
dissertation,n. 论文
heap,n. 堆
blame,n. 责备
frame,n. 框架
installment,n. 安装
symbolism,n. 象征
ascribe,vt. 归因于
abstract,n. 摘要
disruption,n. 破坏
self-esteem,n. 自尊
literate,adj. 受过教育的
extinction,n. 灭绝
endanger,vt. 危及
perception,n. 知觉
prediction,n. 预报
foster,vt. 培养；养育
ancestral,adj. 祖先的
rekindle,vt. 重新点燃
revival,n. 复兴
inevitable,adj. 必然的
disenchantment,n. 醒悟
acupuncture,n. 针刺
loath,adj. 勉强的
orthodox,adj. 正统的
popularity,n. 普及
amplify,vt. 放大
reliance,n. 信赖
nightmare,n. 恶梦
leap,vi. 跳
conscious,adj. 意识到的
divine,n. 牧师
decompose,vi. 分解
spot on,adj. 完全正确
investigate,v. 调查
underneath,prep. 在…的下面
division,n. [数] 除法
gamble,n. 赌博
ancient,n. 古代人；老人，古代的；古老的
strand,n. 线
specimen,n. 样品
motive,n. 动机
furious,adj. 激烈的
access,n. 进入
whaling,n. 捕鲸
exhilaration,n. 愉快
inland,n. 内地
barrel,n. 桶；枪管
claim,n. 要求
digest,n. 文摘
decipher,n. 密电译文， 解释
extraordinary,adj. 非凡的
aluminium,
stale,n. 尿，陈腐的
snap up,na. 咬住
hang on,v. 坚守
impair,vt. 损害
inescapable,adj. 不可避免的
cable,n. 缆绳
wedge,n. 楔子
judicious,adj. 明智的
landfill,n. 垃圾填埋地
cast,n. 投掷
curtain,n. 幕
uniform,n. 制服， 统一的
quartz,
longitudinal,adj. 长度的
disillusion,n. 幻灭
clientele,n. 客户
holistic,adj. 整体的
exodus,
concur,vi. 同意
preventative,n. 预防法
complementary,adj. 补足的
adjunct,n. 附属物
simplistic,adj. 过分简单化的
hiccup,n. 打嗝，间断说出
prowess,n. 英勇
engross,vt. 使全神贯注
tease,vt. 取笑
exuberant,adj. 繁茂的；生气勃勃的
cavort,vi. 腾跃
socialise,vt. 使社会化
optimum,adj. 最适宜的
n. 最佳效果
molecule,n. [化学] 分子；微小颗粒
fitness,n. 健康
regarding,prep. 关于
contact,n. 接触
creative,adj. 创造性的
consultant,n. 顾问
secondary,n. 副手
in favour of,na. 赞成
fraction,n. 分数
dictation,n. 听写
engage,vi. 从事；答应
populate,vt. 居住于
merchandising,n. 推销
meteorology,n. 气象状态
dealer,n. 经销商；商人
weapon,n. 武器
authorise,vt. 授权
pore over,注视
compatriot,n. 同胞
dreadful,adj. 可怕的；糟透的
laboratory,n. 实验室
shuttle,n. 航天飞机
entail,vt. 使需要
alchemist,n. 炼金术士
less than,adj. 少于

contrary,n. 相反
shift,n. 移动
mere,adj. 仅仅的
monitor,n. 监视器
derive,vt. 源于
minimal,adj. 最低的
sketch,n. 素描
lag,n. 落后
trigger,n. 扳机，引发
supplement,vt. 增补
offend,vt. 冒犯
vivid,adj. 生动的
as for,na. 至于，谈到，对于

as to,na. 〈正式〉以至于，对于
enclose,vt. 围绕
dose,n. 剂量；一剂
supply,n. 供给
on the horizon,na. 在地平线上

compress,vt. 压缩
interest,n. 兴趣
overcome,vt. 克服
achievement,n. 成就
dusk,n. 黄昏
cease,n. 停止
arable,n. 耕地，适于耕种的
congested,adj. 堵塞的
split,n. 劈开
distinct,adj. 明显的
negotiate,vt. 谈判
cruel,adj. 残酷的
Nordic,adj. 北欧人的
linger,vi. 徘徊
womb,n. [解剖] 子宫
advantageous,adj. 有利的
manoeuvre,vi. 调动
predatory,adj. 掠夺的
converse,n. 逆行
context,n. 环境
entrepreneurial,adj. 企业家的
dearth,n. 缺乏
adventurous,adj. 爱冒险的
exploitative,adj. 剥削的
impoverish,vt. 使贫穷
convection,n. [流][气象] 对流
plateau,n. 高原，稳定阶段
crust,n. 地壳
overlie,vt. 躺在…上面
brittle,adj. 易碎的
collision,n. 碰撞；冲突
extrusion,n. 挤出
pumice,n. 浮石
predictable,adj. 可预言的
geological,adj. 地质的
halve,vt. 二等分
assimilate,vt. 吸收
harbour,n. 海港（等于harbor）
hybrid,n. 杂种
inhale,vt. 吸入
decibel,n. 分贝
voyage,n. 航行
cherry,n. 樱桃；樱桃树；樱桃红
contingency,n. 偶然性
for the sake of,adv. 为了…起见

relieve,vt. 解除
stance,n. 立场
conduct,n. 进行
mate,n. 助手
attack,n. 攻击
discredit,n. 怀疑
flora,n. 植物区系
mass,n. 块
anticipate,vt. 预期
operate,vi. 运转
bypass,n. 旁路
undetected,adj. 未被发现的
shaft,n. 拍杆
channel,n. 通道；频道；海峡，引导
determine,v. （使）下决心
dominate,vt. 控制
instrumental,n. 器乐曲；工具字
load,n. 负载
improve,vt. 改善
sensitive,adj. 敏感的
abolish,vt. 废除
conception,n. 怀孕
encounter,n. 遭遇
bubble,n. 气泡
sample,n. 样品；样本
accountant,n. 会计师
plaster,n. 石膏
storey,n. [建] 楼层
gang,n. 群
enterprise,n. 企业
verify,vt. 核实
string,n. 线
litter,n. 垃圾；轿
manor,n. 庄园；领地
location,n. 位置（形容词locational）
breakdown,n. 故障
irresistible,adj. 不可抵抗的
fluency,n. （语言、文章）流利
transcription,n. 抄写
introspection,n. 内省
elicitation,n. 引出
informant,n. 被调查者
ambiguity,n. 含糊
generative,adj. 生殖的
recourse,n. 求援
scrupulous,adj. 细心的
utterance,n. 表达
emeritus,adj. 退休的
bilingual,n. 通两种语言的人， 双语的
substitution,n. 代替
mundane,adj. 世俗的
foreseeable,adj. 可预知的
invoke,vt. 调用
hurl,n. 投掷，丢下
duplicate,n. 副本
mushroom,n. 蘑菇
adaptation,n. 适应；改编
elite,n. 精英
up-to-date,adj. 最新的
bury,vt. 埋葬
moderate,adj. 稳健的
bold,adj. 大胆的
award,n. 奖品
hassle,n. 困难
addict,n. 有瘾的人
restrain,vt. 抑制
reproduce,vt. 复制
signpost,n. 路标
intent,n. 意图
artefact,n. 工艺品；人工制品
highland,n. 高地
application,n. 应用
acquaintance,n. 熟人
challenge,n. 挑战
guideline,n. 指导方针，参考
hemisphere,n. 半球
civil,adj. 公民的
viable,adj. 可行的
cameral,法院的，立法院的
gigantic,adj. 巨大的
venue,n. 审判地
grieve,vi. 悲痛
studio,n. 工作室
inhabitant,n. 居民
suicidal,adj. 自杀的
bilateral,adj. 双边的
clinic,n. 临床
memorable,adj. 显著的
dazzle,n. 耀眼的光
vast,n. 浩瀚
underground,n. 地下
compete,vi. 竞争
prescription,n. 药方
crude,n. 原油；粗糙的；天然的
vary,vi. 变化
compose,vt. 构成
in vain,na. 无益地
alley,n. 小巷
dolphin,n. 海豚

bounce,n. 弹力；活力，弹起
platform,n. 平台；月台
atmosphere,n. 气氛
appoint,vt. 任命
characteristic,n. 特征
identify,vt. 确定；鉴定；识别
altitude,n. 高地
possess,vt. 控制；持有；迷住
excitement,n. 兴奋
contradiction,n. 矛盾
painstaking,adj. 艰苦的
humanistic,adj. 人文主义的
coherent,adj. 连贯的
outlook,n. 展望
apportion,vt. 分配
finitude,n. 有限
exhaustible,adj. 可被用尽的
revelation,n. 启示
resistance,n. 阻力
attainable,adj. 可得到的
indispensable,n. 不可缺少之物
cuisine,n. 烹饪
reputable,adj. 声誉好的
overshadow,vt. 使失色
unparalleled,adj. 无比的
opulence,n. 富裕
supersede,vt. 取代
exploitation,n. 开发
passionate,adj. 热情的；热烈的
poisonous,adj. 有毒的
strip,n. 带
exhaust,n. 排气
mysterious,adj. 神秘的
spite,n. 不顾
passport,n. 护照
divert,vt. 转移
dissemination,n. 宣传
contradict,vt. 反驳
organize,vt. 组织
column,n. 纵队
source,n. 来源
cater,vt. 投合
lobby,n. 大厅
flexible,adj. 灵活的
penalty,n. 罚款
comply,vi. 遵守；顺从
racket,n. 球拍；吵闹
capsule,n. 胶囊
canteen,n. 食堂
aeronautics,n. 航空学
adopt,vi. 采取
lease,n. 租约
bit,n. [计] 比特（二进位制信息单位）；少量；马嚼子；辅币；老一套；一点
conceal,vt. 隐藏
compromise,n. 妥协
haphazard,n. 偶然
essential,n. 本质
urge,n. 强烈的欲望
feasible,adj. 可行的
cereal,n. 谷类
existence,n. 存在
apply,vi. 申请；涂
slurry,n. 泥浆
admission,n. 承认
attempt,n. 企图
jaw,n. 颌
inference,n. 推理
loop,vi. 打环
subtract,vt. 减去
linguistic,adj. 语言的
aptitude,n. 天资
lava,n. 火山岩浆
premier,n. 总理
enquiry,n. [计] 询问
lawsuit,n. 诉讼（尤指非刑事案件）
pack,n. 包装
prescribe,vt. 规定
skull,n. 头盖骨
domination,n. 控制
animate,adj. 有生命的，使有生气
accountancy,n. 会计工作
availability,n. 可用性
payable,adj. 应付的
solicitor,n. 律师
departure,n. 离开
audit,n. 审计
receipt,n. 收到
scamper,n. 蹦跳；奔跑
spiral,n. 螺旋；盘旋的
encode,vt. （将文字材料）译成密码；编码
scout,n. 搜索
regurgitate,vt. 使回流
propellant,n. 推进物
ejection,n. 喷出
barrage,n. 弹幕
intrigue,n. 阴谋
transition,n. 过渡
realm,n. 领域
ingredient,n. 原料
friction,n. 摩擦
astronaut,n. 宇航员
banner,n. 横幅广告，旗帜
ounce,n. 盎司
technique,n. 技巧
stack,vt. 堆叠；堆积
petrol,n. （英）汽油
squeeze,n. 压榨
sorrow,n. 悲伤
arboreal,adj. 树木的
facade,n. 正面
post-mortem,n. 验尸，死后
disillusionment,n. 幻灭
subject,n. 主题
blunt,adj. 钝的
stockpile,n. 库存
indicate,vt. 表明
statistically,adv. 统计地
switch,n. 开关
hypothesis,n. 假设
ultraclean,adj. [化学] 超净的
trim,n. 修剪
steady,n. 关系固定的情侣
orientation meeting,研究训练和比赛的会议
dramatic,adj. 戏剧的
amorphous,adj. 无定形的
solve,vt. 解决
blade,n. 叶片；刀片
glimpse,n. 一瞥
bulletin,n. 公告
annoy,n. 烦恼（annoyance）， 骚扰
chapel,n. 小礼拜堂
subscribe,vt. 签署
foil,n. 箔
invoice,n. 账单
extra,n. 号外，上等产品，额外的
transmute,vt. 使变形
analyse,vt. 分析
acoustic,n. 原声乐器
stall,n. 货摊；停止
cover,n. 封面
breakthrough,n. 突破
microprocessor,n. [计] 微处理器
spiritual,n. 圣歌，精神的
concrete,n. 具体物，混凝土的；实在的
generalise,vi. 推广
remarkable,adj. 卓越的，值得注意的
clot,n. [生理] 凝块，凝结，使凝结成块

prior,adj. 优先的；在先的
integrate,n. 一体化
exemplify,vt. 例证
herdsman,n. 牧人
formulation,n. 构想
exploratory,adj. 勘探的
nutrient,n. 营养物
plough,n. 犁
patriotic,adj. 爱国的
scrub,n. 矮树
formality,n. 礼节
perquisite,n. 额外补贴
heighten,vt. 提高
assimilation,n. 同化
necessity,n. 需要
disposable,adj. 可任意处理的
ingenuity,n. 心灵手巧
simplicity,n. 朴素
luxuriant,adj. 繁茂的
consequential,adj. 间接的
scour,n. 擦
seasonal,adj. 季节的
murky,adj. 黑暗的
melatonin,n. 褪黑激素
cue,n. 提示
revolution,n. 革命
ID card,n. 身份证

romance,n. 传奇
currently,adv. 当前
inferential,adj. 推理的
persist,vi. 存留
minimum,n. 最小值
output,n. 输出
stash,n. 藏匿处
species,n. [生物] 物种
competent,adj. 胜任的
select,n. 被挑选者
loose,adj. 宽松的
available,adj. 可获得的
illustration,n. 说明
slice,n. 薄片；部分；菜刀
waterfront,n. 滩
generic,adj. 类的
cricket,n. 板球
exhale,vt. 呼气
creation,n. 创造
corporate,adj. 法人的；共同的
swell,n. 肿胀
synthesis,n. 综合
excreta,n. 排泄物
decapitate,vt. 斩首
pepper,n. 胡椒
groan,n. 呻吟
diminish,vt. 使减少；使变小，减少
naive,adj. 天真的
upset,n. 混乱
appeal,n. 呼吁
consumption,n. 消费
caution,n. 小心
average,n. 平均
blonde,n. 白肤金发碧眼的女人，亚麻色的
burst,n. 爆发
ecology,n. 生态学
profession,n. 职业
for instance,na. 例如

transit,n. 运输
medieval,adj. 中世纪的
behave,vi. 表现
devastating,adj. 毁灭性的
dredge,n. 挖泥船
launch,vt. 发射（导弹、火箭等）；发起
disintegrate,vi. 瓦解，分解，碎裂
fade,n. [电影]淡出，平淡的，褪色
highway,n. 公路，捷径
concede,vi. 让步， 承认；退让
chef,n. 厨师
complaint,n. 抱怨
irritable,adj. 过敏的
legislation,n. 立法
bouncing,v. 弹跳，跳跃的
sizeable,adj. 大的
innovative,adj. 革新的
congestion,n. 拥挤
particulate,n. 微粒， 微粒的
pollutant,n. 污染物
megacity,n. 大城市（人口超过1000万的）
allergic,adj. 对…过敏的
populace,n. 大众
proclaim,vt. 宣告
supervision,n. 监督
comparable,adj. 可比较的
habitual,adj. 习惯的
rehabilitate,vt. 使康复
picturesque,adj. 独特的
afield,adv. 在战场上
form,n. 形式
temporary,n. 临时工
spill,n. 溢出
mediocre,adj. 普通的
lead,n. 领导
define,vt. 定义
figure,n. 数字
productive,adj. 能生产的；生产的
respond,n. 应答
approval,n. 批准
smell,n. 气味
flaw,n. 瑕疵
multiple,adj. 多重的
adventure,n. 冒险
zone,地带，地区
diagram,n. 图表
raw material,n. 原材料，生料

slouch,n. 下垂；笨拙的人
bloom,n. 花
horizon,n. [天] 地平线
trick,n. 诡计
centigrade,adj. 摄氏的
courageous,adj. 有胆量的
as if,na. 彷佛
as though,na. 好像
academic,n. 大学生
preferable,adj. 更好的
biometrics,n. [生物] 生物统计学
reunite,vi. 重聚
minority,n. 少数民族
clench,vt. 紧握
corpus,n. [计] 语料库
alarm,n. 闹钟；警报
beam,n. 横梁
conjunction,n. 结合
height,n. 高地
escalator,n. （美）自动扶梯
nasty,adj. 下流的
monster,n. 怪物；巨人
continually,adv. 不断地
adequate,adj. 充足的
hike,n. 远足
grateful,adj. 感谢的；令人愉快的
organ,n. [生物] 器官
incentive,n. 动机，刺激
at least,na. 至少

technical,adj. 工艺的
chorus,n. 合唱队
scent,n. 气味
hitherto,adv. 迄今
accomplish,vt. 完成
bullet,n. 子弹
rural,adj. 农村的
enclosure,n. 附件
discontinue,vt. 停止；中止
revegetate,v. 再生长
sustainable,adj. 可以忍受的
dispersal,n. 分散
fabulous,adj. 难以置信的；传说的
retailing,n. 零售业， 零售
rental,n. 租金收入
obsession,n. 痴迷
fraught,adj. 担心的
ethereal,adj. 优雅的
unobtrusive,adj. 不唐突的
underpin,vt. 巩固
nutritional,adj. 营养的
unveil,vt. 使公之于众
prototype,n. 原型；标准
swivel,n. 转环
replicate,n. 复制品
capsize,vt. 倾覆（特指船）
project,n. 工程
drum,n. 鼓
thorny,adj. 多刺的
eligible,n. 有资格者，合格的
admit,vi. 承认
bacterial,adj. [微] 细菌的
management,n. 管理
enrolment,n. 登记
strategy,n. 战略
emerge,vi. 浮现
mantle,n. 地幔
overall,adj. 全部的
granite,n. 花岗岩
approximate,adj. [数] 近似的
gallery,n. 画廊
community,n. 社区
swing,n. 摇摆
cite,vt. 引用
spectrum,n. 光谱
drawback,n. 缺点
identity,n. 身份；同一性
trend,n. 趋势
extreme,n. 极端
skip,n. 跳跃
military,adj. 军事的
poison,n. 毒药
vested,v. （财产、权利等）授予
symphony,n. 交响乐；谐声
locate,vt. 位于
classify,vt. 分类
enthusiastic,adj. 热情的
alter,vt. 改变
disqualify,vt. 取消…的资格
database,n. 数据库
maximum,n. [数] 极大
delivery,n. [贸易] 交付
undergraduate,n. 大学生
focus,n. 焦点
administer,vt. 管理
ash,n. 灰
intensify,vt. 使加强
inventory,n. 存货
event,n. 事件
crucial,adj. 重要的
stage,n. 阶段
aeration,n. [环境] 曝气
profitable,adj. 有利可图的
virus,n. [病毒] 病毒
faith,n. 信仰
cafeteria,n. 自助餐厅
involve,vt. 包含
dairy,n. 奶制品
confirm,vt. 确认
hinge,n. 铰链
hurricane,n. 飓风
subsidise,vt. 给…津贴或补贴
stain,n. 污点
unload,vt. 卸
conversion,n. 转换
irrelevant,adj. 不相干的
thrill,n. 激动
trial,n. 试验
extol,vt. 颂扬
albeit,conj. 虽然
obstacle,n. 障碍
meagre,adj. 瘦的
precipitation,n. [化学] 沉淀
precarious,adj. 危险的
autonomy,n. 自治
credibility,n. 可信性
onslaught,n. 猛攻
curtail,vt. 缩减
correlation,n. [数] 相关
afflicting,adj. 痛苦的， 使苦恼
simulation,n. 仿真
incongruous,adj. 不协调的
remuneration,n. 报酬；酬劳
intermix,vt. 使…混杂
paramount,n. 最高统治者， 最重要的
hypnotic,n. 安眠药；催眠的
suffice,vt. 使满足
technician,n. 技师
apart,adj. 分离的
mainstream,n. 主流
flush,n. 激动
stir,n. 搅拌
odd,adj. 奇数的
inject,vt. 注入
demand,n. [经] 需求
unsatisfactory,adj. 不令人满意的
grid,n. 网格；格子
aeroplane,n. 飞机（等于airplane）
controversial,adj. 有争议的
wagon,n. 货车
reputation,n. 名声
tag,n. 标签；附属物

excursion,n. 远足；短程旅行；游览
dizzy,adj. 晕眩的
immune,n. 免疫者；免疫的
carve,vt. 雕刻
canoe,n. 独木舟
geology,n. 地质学
directory,n. [计] 目录
mall,n. 购物商场
vital,adj. 至关重要的
droplet,n. 小滴
reveal,n. 揭露；暴露；门侧
visible,n. 可见物
conference,n. 会议
cholesterol,n. [生化] 胆固醇
cube,n. 立方
construct,n. 构想
calcium,n. [化学] 钙
interval,n. 间隔
advent,n. 到来
aggressiveness,n. 攻击性
category,n. 种类
fault,n. 故障
confusion,n. 混淆
wrinkle,n. 皱纹，起皱纹
huddle,n. 拥挤
clash,n. 冲突
marble,n. 大理石
booth,n. 货摊
imitation,n. 模仿
exceed,vt. 超过
cohesion,n. 凝聚
astound,vt. 使惊骇
absorb,vt. 吸收
livestock,n. 牲畜
decrease,n. 减少
moral,adj. 道德的
weigh,n. 权衡
ceramic,n. 陶瓷
acquisition,n. 获得物
character,n. 性格
arrange,vi. 安排
conservation,n. 保存
earthworm,n. [无脊椎] 蚯蚓
entice,vt. 诱使
manipulative,adj. 巧妙处理的；操纵的
memorise,vt. （英）记忆
retrenchment,n. 节省
motivational,adj. 动机的
reinforcement,n. 加固
intervention,n. 介入
infirmity,n. 虚弱
glossy,adj. 光滑的
escalate,vt. 逐步上升，逐步增强
extravagance,n. 奢侈
victimise,vt. 责怪，处罚不当
evaluation,n. 评价
maternal,adj. 母亲的
crusade,n. 改革运动
recalcitrant,n. 顽抗者
mortality,n. 死亡数
taunt,n. 嘲弄
disseminate,vt. 宣传
sanction,n. 制裁
frustration,n. 挫折
invert,n. 颠倒的事物
recipe,n. 食谱
condense,vt. 使浓缩
unfortunately,adv. 不幸地
gather,n. 聚集
Cantonese,n. 广东人；广东话，广州的
utility,n. 实用
exhibit,n. 展览品
irrevocable,adj. 不可改变的
shelter,n. 庇护；遮盖物，躲避
stock,n. 股份
devise,n. 遗赠
vt. 设计
career,n. 生涯；职业；事业；速度
humidity,n. [气象] 湿度
hollow,n. 洞；山谷；空的；
statistic,n. 统计数值，统计的
bark,n. 树皮
burrow,n. （兔、狐等的）洞穴
equivalent,n. 等价物
fatigue,n. 疲劳
bibliography,n. 参考书目
probable,n. 很可能的事
fortnight,n. 两星期
treadmill,n. 踏车
flavour,n. 香味
asymmetry,n. 不对称
lethal,adj. 致命的
stare,n. 凝视；注视
vt. 凝视
bungalow,n. 平房
colony,n. 殖民地
stab,n. 刺
fingerprint,n. 指纹
enthusiasm,n. 热心
briefly,adv. 短暂地
flint,n. 燧石
commodity,n. 商品
mixture,n. 混合
tendency,n. 倾向
lane,n. 小巷
assess,vt. 评定
inductive,adj. [数] 归纳的
session,n. 会议
constrain,vt. 驱使
negative,adj. [数] 负的
unwrap,adj. 准时的，守时的；精确的
punctual,adj. 准时的
intake,n. 摄取量
penetration,n. 渗透
municipal,adj. 市政的
deficit,n. 赤字
triumphant,adj. 成功的
plagiarise,vt. 剽窃
reptile,n. 爬行动物
circumscribe,vt. 外切
patronage,n. 赞助
analogy,n. 类比
precedent,n. 先例
obscurity,n. 朦胧
ascertain,vt. 确定
esteem,n. 尊重
legitimacy,n. 合法
discrepancy,n. 不符
benevolent,adj. 仁慈的
malevolent,adj. 恶毒的
downsize,vt. 缩小尺寸，裁剪人数
lunar,adj. 月亮的
complicated,adj. 难懂的
handle,n. [建] 把手
innovation,n. 创新
glitter,vi. 闪光
feedback,n. 反馈；成果
subsequent,adj. 后来的
shark,n. 鲨鱼
council,n. 委员会
venomous,adj. 有毒的
intellectual,n. 知识分子
strain,n. 张力，拉紧，血缘
champion,n. 冠军
leukaemia,n. 白血病
terminology,n. 术语
centennial,n. 百年纪念， 一百年的
Mediterranean,n. 地中海，地中海的
outdo,vt. 超过
discipline,n. 学科；纪律；训练；惩罚
vt. 训练
consequent,n. 结果，随之发生的
fulfil,vt. 履行
element,n. 元素
segment,n. 段
orchestra,n. 管弦乐队
muscle,n. 肌肉
function,n. 功能
metaphor,n. 暗喻
delegate,n. 代表，委派…为代表
fragile,adj. 脆的
radiate,adj. 辐射状的
situated,v. 使位于
invader,n. 侵略者
complete,adj. 完整的
kit,n. 工具箱
generate,vt. 使形成
remote,n. 远程
adj. 遥远的
stove,n. 火炉
avoid,vt. 避免；避开
dismiss,vt. 解散
bucket,n. 桶
owl,n. 猫头鹰
absenteeism,n. 旷工
apparent,adj. 显然的
succumb,vi. 屈服
stretch,vt. 伸展
minister,n. 部长
combustion,n. 燃烧
veterinary,
plausible,adj. 貌似可信的
elucidate,vt. 阐明
transient,n. 瞬变现象
sanitation,n. [医] 环境卫生
distortion,n. 变形
altruistic,adj. 利他的
climatic,adj. 气候的
pragmatic,adj. 实际的
dwindle,vi. 减少；变小
vt. 使缩小
disdain,
constituent,n. 成分
impetus,n. 动力
malleable,adj. 可锻的
renaissance,
incongruity,n. 不协调
instinctual,
pedigree,n. 血统
scuffle,n. 混战
treatise,n. 论述
hypothetical,adj. 假设的
smother,n. 窒息状态
excess,n. 超过
spine,n. 脊柱
stress,n. 压力
smooth,n. 平滑部分
incur,vt. 招致
missile,n. 导弹
compulsively,adv. 强制地
wrap,n. 外套
confine,n. 界限
limitation,n. 限制
chain,n. 链
sip,n. 抿
tedious,adj. 沉闷的
pathology,
setting,n. 环境
mood,n. 情绪
extinct,adj. 灭绝的
aridity,n. 干旱
vision,n. 视力
sausage,n. 香肠
organism,n. 有机体
surveillance,n. 监督
senior,n. 上司；较年长者；毕业班学生
adj. 高级的；年长的；地位较高的；年资较深的
vague,adj. 模糊的
translate,vt. 翻译
poverty,n. 贫困
breakwater,n. 防浪堤
modify,vt. 修改
clockwise,
isolate,n. [生物] 隔离种群
vt. 使隔离
highlight,n. 最精彩的部分
moist,adj. 潮湿的
threaten,vt. 威胁
underling,n. 下属
medium,adj. 中间的
detail,n. 细节
compile,vt. 编译
induction,n. [电磁] 感应；归纳法；感应现象；入门培训
link,n. [计] 链环
foreland,n. 沿海地区
unemployment,n. 失业
option,n. [计] 选项
bay,n. 海湾
slogan,n. 标语
instinct,n. 本能
marsh,n. 沼泽
mental,adj. 精神的
hospitality,n. 好客
origin,n. 起源
array,n. 数组
remain,n. 遗迹；剩余物
comprehension,n. 理解
notorious,adj. 声名狼藉的
cash,n. 现款
valid,adj. 有效的
enrich,vt. 使充实
tab,n. 标签
equation,n. 方程式
miracle,n. 奇迹
worthy,n. 杰出人物；知名人士
adj. 值得的；有价值的；配得上的
irrigation,n. 灌溉
chief,n. 首领
remedy,n. 补救
accelerate,vt. 使……加快
thoughtful,adj. 深思的
brunt,n. 冲击
prominence,n. 突出
compass,n. 指南针
inaugurate,vt. 创新
suppress,vt. 抑制
perpetuate,vt. 使不朽
configuration,n. 配置
replenish,vt. 补充
encompass,vt. 包含；包围
camouflage,n. 伪装
encapsulate,vt. 压缩
reinvigorate,vt. 使再振作
repatriate,
tensile,adj. [力] 拉力的
solidify,vt. 团结
propagate,vt. 传播
germinate,vt. 使发芽
unbeatable,adj. 无敌的
accredit,vt. 授权
disorientate,vt. 使迷惑
slumber,n. 睡眠
sufficient,adj. 足够的
antiquity,n. 高龄
pretend,vt. 假装
dominant,n. 显性
adj. 显性的；占优势的；支配的
privacy,n. 隐私
pilot,n. 飞行员
advance,n. 发展
efficiency,n. 效率
drainage,n. 排水
credible,adj. 可靠的
elaborate,adj. 精心制作的
consult,vi. 请教
fare,n. 票价
foundation,n. 基础
principal,adj. 主要的
collection,n. 采集
comparatively,adv. 比较地
victim,n. 受害人
aisle,n. 通道
lime,n. 石灰
scan,n. 扫描
sculpture,n. 雕塑
rigorous,adj. 严格的
fragment,n. 碎片
audio,adj. 声音的；[声] 音频的
landmark,n. [航]陆标
biography,n. 传记
dubious,adj. 可疑的
boulder,n. 卵石
drill,n. 训练
batch,n. 一批
camel,n. [畜牧][脊椎] 骆驼
shell,n. 壳
triangle,n. 三角（形）
subsidy,n. 补贴
contrived,adj. 人为的
joint,n. 关节；接缝；接合处
spray,n. 喷雾
meanwhile,adv. 同时
force,n. 力量；武力；军队；魄力
vt. 促使
evolve,vi. 发展
chew,n. 咀嚼；咀嚼物
vi. 细想
speculate,vi. 推测
bulge,n. 胀
insignificant,
revise,n. 修订
deposit,n. 存款
professional,n. 专业人员
rigid,adj. 严格的；僵硬的
solemn,adj. 庄严的
outsell,
forum,n. 论坛
anecdote,n. 轶事
conversely,
prefabricate,vt. 预先制造
paralysis,n. 麻痹
geometric,adj. 几何学的
floral,adj. 花的；植物的
pollinate,
objectify,vt. 使具体化
presuppose,vt. 假定
recapture,vt. 夺回
contrive,vt. 设计
anticipation,n. 希望
provenance,n. 出处
studious,adj. 用功的
vibrant,adj. 振动的
inventive,adj. 发明的
protrude,vi. 突出
managerial,adj. [管理] 管理的
notoriety,n. 恶名
opaque,adj. 不透明的
ape,n. [脊椎] 猿
partial,adj. 局部的
portable,n. 手提式打字机
adj. 手提的
depart,adj. 逝世的
vi. 离开；出发
gauge,n. 计量器
dialect,n. 方言
debate,n. 辩论；辩论会
vt. 辩论
freefone,n. 免费电话
cosmopolitan,n. 四海为家者；世界主义者；世界各地都有的东西
adj. 世界性的；世界主义的
helix,n. 螺旋
motion,n. 动作
understanding,n. 谅解
circumstance,n. 环境
temper,n. 脾气
bamboo,n. 竹
shore,n. 海滨；支柱
vt. 支撑
insurance,n. 保险
impress,n. 印象
maintain,vt. 维持
meaningful,adj. 有意义的
exist,vi. 存在
jostle,vt. 推挤
hostility,n. 敌意
appearance,n. 外貌
grind,n. 磨
optimistic,adj. 乐观的
tense,n. 时态
adj. 紧张的；拉紧的
vt. 变得紧张；使拉紧
vi. 拉紧
ignore,vt. 驳回诉讼
extract,n. 汁
therefore,adv. 因此
bar,n. 条
externally,adv. 外部地；外表上
abound,vi. 富于
subjective,adj. 主观的
particularly,adv. 特别地
quiver,n. 颤抖
marker,n. 记分员
district,n. 区域
MasterCard,
classification,n. 分类；类别
pollution,
obtain,vi. 获得
mandarin,n. （中国）普通话
probe,n. 探针
panic,n. 恐慌
disturb,vt. 打扰
grassy,adj. 长满草的
glorious,adj. 光荣的
fertile,adj. 富饶的
amateur,n. 爱好者
undisguised,adj. 无伪装的
silver,n. 银
fulfillment,n. 履行
aspire,vi. 渴望
recession,n. 衰退
miscellaneous,adj. 混杂的
caustic,n. [助剂] 腐蚀剂
reclaim,n. 改造
deflect,vt. 使转向
trench,n. 沟
holistically,
urbanization,n. 都市化
insularity,n. （思想、观点等）偏狭
permeate,vt. 渗透
repack,n. 重新打包
disruptive,adj. 破坏的
clinical,adj. 临床的
momentum,n. 势头
disempower,vt. 剥夺权力
depletion,n. 消耗
authenticate,vt. 鉴定
anatomy,n. 解剖
confidence,n. 信心
chemical,n. 化学制品
literal,adj. 文字的
comprehensive,n. 综合学校
glue,n. 胶
bureau,n. 局
marsupial,adj. [脊椎] 有袋的
commencement,n. 开始
brood,n. 一窝
interdependent,adj. 相互依赖的
prominent,adj. 突出的
conventional,adj. 符合习俗的
productivity,n. 生产力
viscous,adj. 粘性的
transform,vt. 改变
strategist,n. 战略家
indulge,vi. 沉溺
centrifugal force,
personality,n. 个性
definition,n. 定义
host,n. [计] 主机
feminism,n. 女权主义
abate,vt. 减轻
expectation,n. 期待
excessive,adj. 过多的
brilliant,adj. 灿烂的
hall,n. 过道
seminar,n. 讨论会
charcoal,n. 木炭；炭笔
vt. 用木炭画（过去式charcoaled
navigable,adj. 可航行的
foul,n. 犯规；缠绕
adj. 犯规的；邪恶的；污秽的；淤塞的
vt. 犯规；弄脏；淤塞；缠住
track and field,
contemplate,vt. 沉思
budget,n. 预算
flee,vt. 逃跑
worthwhile,adj. 值得做的
clamp,n. 夹钳
convenience,n. 便利
,n. 喷泉
migrant,n. 候鸟
deviance,n. 异常
estimate,n. 估计
tick off,na. 打上记号
livelihood,n. 生计
manufacture,n. 制造
censure,n. 责难
vt. 责难
voltage,
logic,n. 逻辑
metro,n. 地铁；大都市；伦敦地下铁道；麦德隆（财富500强公司之一
enroll,vi. 参加
civilization,n. 文明
compendium,n. 纲要
embark,vi. 从事
eject,vt. 喷射；驱逐
verification,n. 确认
autoimmune,adj. 自身免疫的
inheritance,n. 继承
relentless,adj. 无情的
requisite,n. 必需品
adj. 必备的
dizziness,n. 头晕
periphery,n. 外围
credential,n. 证书
facsimile,n. 传真
reel,n. 蹒跚
churn,n. 搅乳器
vt. 搅拌
nocturnal,adj. 夜的
obstruct,vt. 妨碍
prohibitive,adj. 禁止的
navigation,n. 航行
entwine,vt. 缠住
monumental,adj. 不朽的
reiterate,vt. 重申
jeopardise,vt. 危及（等于jeopardize）
peripheral,adj. 外围的
elusive,adj. 难懂的
distinctive,adj. 有特色的
board,n. 董事会
decompression,n. [特医] 解压
prevalent,adj. 流行的；普遍的
twist,n. 扭曲
rent,n. 租金
vt. 出租
eminent,adj. 杰出的
crescent,n. 新月
sucker,n. 吸管
calm,n. 风平浪静
adj. 静的
scope,n. 范围
cooperate,vi. 合作
applaud,vt. 赞同
appraisal,n. 评价；估价（尤指估价财产
allowance,n. 津贴
heir,n. [法] 继承人
domestic,n. 国货
unexpected,adj. 意外的
counsel,n. 法律顾问
competition,n. 竞争；比赛
imagine,vi. 想像
interact,n. 幕间剧
starchy,adj. 含淀粉的
exorbitant,adj. （要价等）过高的
large-scale,adj. 大规模的
region,n. 地区
alternate,n. 替换物
adj. 交替的
bargain,n. 交易
infection,n. 感染
conservative,n. 保守派
spin,n. 旋转
personnel,n. 人事部门
liver,n. 肝脏；生活者
inflammable,n. 易燃物，易燃的
disfigure,vt. 使变丑
swear,n. 发誓；诅咒
vi. 发誓
create,vt. 创造
mime,n. 哑剧
impose,vt. 强加
likelihood,n. 可能性
explode,vi. 爆炸
spectacular,adj. 壮观的
enormous,adj. 庞大的
counterproductive,adj. 反生产的
variant,n. 变体，不同的，多样的
healing,n. 康复，能治愈的
autocratic,adj. 专制的；独裁的
emulate,n. 仿真
disastrous,adj. 灾难性的
topple,vt. 推翻
resilience,n. 恢复力
collateral,n. 抵押品
colossal,adj. 巨大的；异常的
tackle,n. 滑车
coordinate,n. 坐标
supplementary,n. 补充者
scrutiny,n. 详细审查
cognition,n. 认识
repel,vt. 击退
domesticate,vt. 驯养
exhaustive,adj. 详尽的
calibrate,vt. 校正
descend,vi. 下降
frontier,n. 前沿
fascinating,adj. 迷人的
stroke,n. 中风；击打一下；击打键盘， 击球
solar,n. 日光浴室
adj. 太阳的
sympathise,vi. 同情
fusion,n. 融合
slash,n. 削减
diversity,n. 多样性
decline,n. 下降
crisis,n. 危机
edible,n. 食品
collaboration,n. 合作
decouple,n. 解 耦， 使之分离
participant,n. 参与者
weaken,vt. 减少
distract,vt. 转移
frown,n. 皱眉
skew,n. 斜交；歪斜
adj. 斜交的；歪斜的
vt. 使歪斜
vi. 偏离
glove,n. 手套，给…戴手套
beehive,n. 蜂窝
astray,adj. 迷路的
theory,n. 理论
weakness,n. 弱点
portion,n. 部分
compound,n. 化合物，复合的；合成
span,n. 跨度
vacancy,n. 空缺
locality,n. 所在
circle,n. 循环
accuracy,n. [数] 精确度
afford,vt. 给予
excellent,adj. 卓越的
connect,vt. 连接；联合；关连
vi. 连接
cylinder,n. 圆筒
disadvantage,n. 缺点
participate,vi. 参与
principle,n. 原理
refreshment,n. 点心
deteriorate,vi. 恶化
scorching,adj. 灼热的
meantime,n. 其时
townscape,n. 城镇的风景
upper,adj. 上面的
innocent,n. 天真的人
emphasis,n. 重点
approach,n. 方法
duration,n. 持续
primarily,adv. 首先；主要地
due,n. 应付款
keen,adj. 敏锐的
stiff,adj. 呆板的
timber,n. 木材
profound,adj. 深厚的
journalist,n. 新闻工作者
permission,n. 允许
labour,n. （英国）工党，劳工
quota,n. 配额
unconcerned,adj. 不关心的
suspect,n. 嫌疑犯
adj. 可疑的
deterioration,n. 恶化
triple,n. 三倍数
condemn,vt. 谴责；判刑
transcend,vt. 胜过
cumulative,adj. 累积的
horizontal,n. 水平线
adobe,n. 土砖
certify,v. 证明
arousal,n. 觉醒
addiction,n. 上瘾
allege,vt. 宣称
amphibious,adj. [生物] 两栖的
ascend,vi. 上升；登高；攀登
assert,vt. 维护
assure,vt. 保证
baffle,n. 挡板
bewilder,vt. 使迷惑
biodiversity,n. 生物多样性
bud,n. 芽
celestial,n. 神仙
combination,n. 结合
impact,vi. 影响；撞击；冲突
renew,vt. 使更新
bow,n. 弓，弯曲的
defeat,n. 失败的事实； 击败
subsoil,n. 底土；下层土，深挖
bin,n. 箱子
evoke,vt. 引起
flutter,n. 摆动
front-line,adj. 前线的
desperate,adj. 不顾一切的
wheelchair,
gear,n. 齿轮；装置
band,n. 带
breed,n. [生物] 品种；种类
intelligible,adj. 可理解的
essence,n. 本质
predispose,vt. 预先处置
display,n. 显示
enlarge,vt. 扩大
occur,vi. 发生
relate,vt. 叙述
stark,adj. 完全的
inform,vi. 告发
halt,n. 停止；休息；踌躇
deadline,n. 截止期限
limb,n. 肢
evolution,n. 演变
suitable,adj. 适当的
beverage,n. 饮料
influenza,n. [内科] 流行性感冒（简写flu）
criminal,n. 罪犯，刑事的
undoubtedly,adv. 确实地
avalanche,n. 雪崩， 崩塌
alienation,n. 异化
accumulate,vt. 积攒，累积
transmit,vt. 传输
identification,n. 鉴定
wander,vi. 徘徊；漫步；迷路
classical,n. 古典音乐， 古典的
abuse,n. 滥用；虐待；辱骂
fake,n. 假货
trace,n. 痕迹
convey,vt. 传达
boundary,n. 边界
frank,n. 免费邮寄特权，坦白的
bonus,n. 奖金
militant,adj. 好战的，富有战斗性的人
conduce,vi. 导致；有益
contaminant,n. 污染物
demerit,n. 缺点
denomination,n. 面额
disturbance,n. 干扰
enjoyable,adj. 快乐的
expiry,n. 满期
fluctuation,n. 起伏
frequency,n. 频率
hamlet,n. 小村庄
hence,adv. 因此
inadequate,adj. 不充分的
keystone,n. 主旨
manifest,vt. 证明
marginally,adv. 少量地
moderately,adv. 适度地
noticeable,adj. 显而易见的
optic,adj. 光学的
outweigh,vt. 比…重（在重量上）
long-term,adj. 长期的，从长远来看
finale,n. 结局
astonish,vt. 使惊讶
charge,n. 费用
module,n. [计] 模块
corps,n. 军团
petroleum,n. 石油
magma,n. [地质] 岩浆
stylish,adj. 时髦的
dump,n. 垃圾场；仓库， 倾倒
debris,n. 碎片
irony,n. 讽刺
component,n. 成分；组件， 组成的
fieldwork,n. 野外工作
contaminate,vt. 污染
applicant,n. 申请人
strap,n. 带
fundamental,n. 基本原理；基本原则
adj. 基本的
conclusion,n. 结论
intensity,n. 强度
notable,adj. 值得注意的
implement,n. 工具，实施
isle,n. 岛，使成为岛屿
cervical,adj. 颈的，子宫颈的
plot,n. 情节
acquaint,vt. 使熟悉
violence,n. 暴力
revolve,n. 旋转
vegetarian,n. 素食者
ratio,n. 比率
scream,n. 尖叫声
steep,n. 峭壁，陡峭的
analogous,adj. 类似的
cookery,n. 烹调术
high-tech,n. 高科技，高科技的
aggressive,adj. 侵略性的
process,n. 过程
hum,n. 嗡嗡声
sinister,adj. 阴险的
refinement,n. 精制
solidarity,n. 团结
outline,n. 轮廓
blank,n. 空白
photocopy,n. 复印件；影印
accessory,n. 配件
dean,n. 院长
compensate,vt. 补偿
chest,n. 胸部
tanker,n. 油轮
capture,n. 捕获；战利品，拍摄
in addition,另外
overestimate,vt. 对……评价过高
overview,n. [图情] 综述
pathway,n. 路
perplex,vt. 使困惑
recognition,n. 识别；承认
reconstruction,n. 再建
render,n. 打底
renewal,n. 更新
requisition,n. 征用
reserved,adj. 保留的
resolve,n. 坚决
sack,n. 麻布袋
slide,n. 滑动
slump,vt. 使降低；使衰落，暴跌
vi. 下降
tickle,n. 胳肢
transportation,n. 运输
unanimous,adj. 全体一致的
underestimate,n. 低估
understandable,adj. 可以理解的
transcribe,vt. 转录
differ,vi. 相异
undertake,vt. 承担
plus,prep. 加
recycle,n. 再生
captive,n. 俘虏
unconquerable,adj. 克服不了的
respect,n. 尊敬
neutral,adj. 中立的
campus,n. （大学）校园；大学
presentation,n. 展示；描述
residence,n. 住宅
mission,n. 使命
content,n. 内容
emit,vt. 发出
pamphlet,n. 小册子
assurance,n. 保证
equipment,n. 设备
hamster,n. 仓鼠
sensible,n. 敏感的人，明智的，合乎情理的
spacecraft,n. [航] 宇宙飞船
consequence,n. 结果
efficient,adj. 有效率的
current,n. （水
inversion,n. 倒置
elevate,vt. 提升
loan,n. 贷款
capable,adj. 能干的
performance,n. 性能
handicapped,n. 残疾人
household,n. 全家人
detrimental,n. 有害的人（或物）
decorate,vt. 装饰
nationality,n. 国籍
fleet,n. 舰队；港湾， 快速的
interfere,vi. 干涉
signal,n. 信号
rescue,n. 营救
proof,n. 证明
afflict,vt. 折磨
log,vi. 伐木
vt. 切
maritime,adj. 海的
formula,n. [数] 公式
therapy,n. 治疗
concession,n. 让步
whisper,n. 私语
grant,n. 拨款
relevant,adj. 相关的；有重大关系的
unrealistic,adj. 不切实际的
enfranchise,vt. 给予选举权；给予自治权；解放
disregard,n. 忽视
convert,n. 皈依者；改变宗教信仰者，转变
grasp,n. 抓住
wealthy,n. 富人
adj. 富有的
object,n. 目标
tariff,n. 关税表
defendant,n. 被告
adj. 辩护的
bankruptcy,n. 破产
connection,n. 连接
airtight,adj. 密闭的
unprejudiced,adj. 没有成见的
leather,n. 皮革
unregistered,adj. [法] 未注册的
versus,prep. 对
wretch,n. 可怜的人
acceptable,adj. 可接受的
antique,n. 古董
autobiography,n. 自传
browse,n. 浏览
dot,n. 点
emotional,adj. 情绪的
extrovert,n. 外向
favourite,n. 特别喜爱的
hang,n. 悬挂；暂停
harmony,n. 协调
hospitable,adj. 热情友好的
inflate,vt. 使充气
influential,adj. 有影响的
insane,adj. 疯狂的
inscribe,vt. 题写
hostel,n. 旅社
substance,n. 物质
refectory,n. 食堂；修道院
fuse,n. 保险丝
contemporary,n. 同时代的人
continuity,n. 连续性
advantage,n. 优势
tube,n. 管
beneficial,adj. 有益的
inhibit,vt. 抑制
damage,vi. 损害；损毁
vibrate,vt. 使振动
inspire,vt. 激发
introvert,n. 内向的人
pedestrian,n. 行人
punch,n. 冲压机
rectangle,n. 矩形
relative,n. 亲戚
sociable,n. 联谊会，社交的
spacious,adj. 宽敞的
religion,n. 宗教
demographic,adj. 人口统计学的
random,n. 随意， 随机的
repay,vt. 回报
vacuum,n. 真空
firm,n. 公司
digital,n. 数字
humour,n. 幽默（等于humor）
global,adj. 全球的
cluster,n. 群
handout,n. 散发材料（免费发给的新闻通报）
endure,vt. 忍耐
helicopter,n. 直升飞机， 乘直升飞机
lead to,na. 通向

sprawl,n. 蔓生
crowded,adj. 拥挤的
knob,n. 把手
ideal,n. 理想
in comparison with,
midst,n. 当中
fluctuate,vi. 波动
neglect,vt. 疏忽
drought,n. 干旱
hug,n. 拥抱；紧抱；固执
vi. 拥抱；紧抱在一起；挤在一起
vt. 拥抱；紧抱；抱有
variability,n. 可变性
indication,n. 指示
insert,n. 插入物
in addition to,除了
certificate,n. 证书；执照
diameter,n. 直径
gesture,n. 姿态
disclose,vt. 公开
successive,adj. 连续的
balance,n. 平衡
adjust,vt. 调整
fairly,adv. 相当地
precise,adj. 精确的
colour-blind,adj. 色盲的，无种族歧视的
trustworthy,adj. 可靠的
vomit,n. 呕吐
wrestle,n. 摔跤
adolescence,n. 青春期
captivity,n. 囚禁
commerce,n. 贸易
condensation,n. 冷凝
facial,n. 美容
herbal,n. 植物志
hover,n. 徘徊；盘旋；犹豫
imprecise,adj. 不精确的
inactive,adj. 不活跃的
initiate,n. 开始；新加入者
longitude,n. [地理] 经度
procrastinate,vi. 耽搁
rarity,n. 罕见
seclude,vt. 使隔离
ongoing,adj. 不间断的
almond,n. 扁桃仁
feed,n. 饲料
scenery,n. 风景
stagnate,vt. 使阻塞，停滞，萧条
ozone,n. [化学] 臭氧
tap,n. 水龙头，轻拍，采用
owe,vt. 欠钱，感激，归功于
ministry,n. （政府的）部门
laser,n. 激光

individual,n. 个人
association,n. 协会
tempt,vt. 诱惑
beneath,prep. 在…之下， 在下方
naturally,adv. 自然地，天生的
microscope,n. 显微镜
estate,n. 房地产
discourage,vt. 阻止
briefcase,n. 公文包
candidate,n. 候选人
melt,vi. 熔化
shrug,n. 耸肩
vi. 耸肩
vt. 耸肩
frightened,v. 害怕
relax,vi. 放松
aerospace,n. 航空宇宙
suppose,vt. 假设
tenable,adj. （主张等）站得住脚的
sustain,vt. 维持；支撑
straw,n. 稻草
border,n. 边境
dispenser,n. 药剂师
receiver,n. 接收器；接受者；收款员
monopoly,n. 垄断
bureaucracy,n. 官僚主义
construction,n. 建设
endorse,vt. 背书
embryo,n. [胚] 胚胎
silicon,n. [化学] 硅
intelligence,n. 智力；情报工作，才智
mature,adj. 成熟的
discard,n. 抛弃
roast,n. 烤肉；烘烤
adj. 烘烤的；烤过的
vt. 烤
computerize,vt. 使电脑化
popularize,vt. 普及
devalue,vt. 使贬值
ferry,n. 渡船
iron,n. 熨斗，熨衣服
bully,n. 欺凌弱小者
storyline,n. 故事情节
orbit,n. 轨道
combat,n. 战斗
slothful,adj. 怠惰的
catastrophic,adj. 灾难的；悲惨的；灾难性的
abide,vi. 持续；忍受；停留
vt. 忍受
allure,n. 诱惑力，引诱
oxygen,n. [化学] 氧气
pervasive,adj. 普遍的
encroach,vi. 蚕食
fantastic,n. 古怪的人，异想天开的；极好的
abhorrent,adj. 可恶的
inflict,vt. 造成
tilt,n. 倾斜
vt. 使倾斜
mosquito,n. 蚊子
offensive,adj. 攻击的
extravagant,adj. 奢侈的
begrimed,adj. 污秽的
v. 积垢
ruthless,adj. 无情的
jargon,n. 行话
diverse,adj. 不同的
extinguish,vt. 熄灭
estrange,vt. 使疏远
neoclassical,adj. 新古典主义的
biased,adj. 有偏见的；结果偏倚的
grimy,adj. 肮脏的
enhancer,n. [遗] 增强子
ulterior,adj. 将来的
corrupt,adj. 腐败的
stringent,adj. 严格的
novice,n. 初学者
hinder,vt. 阻碍
impoverished,adj. 穷困的；用尽了的
shallow,n. [地理] 浅滩
adj. 浅的
inundate,vt. 淹没
erode,vt. 腐蚀
doom,n. 厄运
alienate,vt. 使疏远
brazen,adj. 厚颜无耻的
tortoise,n. 龟
commiserate,vt. 同情
outlaw,n. 歹徒
pavement,n. 人行道
路面
antiquated,adj. 过时的
coral,n. 珊瑚
incinerate,vt. 焚化
,n. 再生性能源，可再生的
shin,n. 腿骨， 爬
enslave,vt. 束缚
timid,adj. 胆小的
vile,adj. 卑鄙的
diesel,n. 柴油机
guzzle,n. 狂饮
torment,n. 痛苦
revive,vt. 使复兴；使苏醒；回想起；重演
inhumane,adj. 残忍的
imperil,vt. 危及
diverge,vt. 使偏离
irrational,n. [数] 无理数
adj. 不合理的
verbal,n. 动词的非谓语形式， 口头的
saline,n. 盐湖
disable,vt. 使失去能力
seduce,vt. 引诱
relocate,n. 浮动，重新安置，迁移
angle,n. 角度
legitimate,adj. 合法的
sedentary,adj. 久坐的
water-borne,adj. 水传播的
molten,adj. 熔化的
processor,n. [计] 处理器
saturate,adj. 浸透的
trivialize,vt. 使平凡
assault,n. 攻击
obscene,adj. 淫秽的
authentic,adj. 真正的
righteous,adj. 正义的
gregarious,adj. 社交的
heartless,adj. 无情的
instil,vt. 逐渐灌输
infringe,vt. 侵犯
comic,n. 连环漫画
transplant,n. 移植
algebra,n. 代数学
spur,n. 鼓舞
barbaric,adj. 野蛮的
delinquent,n. 流氓
retaliate,vi. 报复
perpetrate,vt. 犯（罪）
gorilla,n. 大猩猩
sluttish,adj. 懒惰的
anchor,n. 锚
despoil,vt. 掠夺
discourteous,adj. 失礼的
gene,n. [遗] 基因
lax,n. 松懈的
boost,n. 推动
smear,n. 涂片
lenient,adj. 宽大的
synthetic,n. 合成物，综合的；合成的
enact,vt. 颁布
resent,vt. 怨恨
affluent,n. 支流
trunk,n. 树干
coexist,vi. 共存
aviation,n. 航空
rampant,adj. 猖獗的
prolonged,adj. 延长的
crushing,v. 压破
futile,adj. 无用的
edify,vt. 熏陶
vulgar,n. 平民
core,n. 核心
inborn,adj. 天生的
habitable,adj. 可居住的
ecological,adj. 生态的
stipulate,adj. 有托叶的，规定
legitimize,vt. 使…合法
crystallize,vt. 使结晶；明确，结晶
solar-powered,adj. 太阳能的
cosy,n. 保温罩， 舒适的
roller,n. [机] 滚筒
unsanitary,adj. 不卫生的
condone,vt. 宽恕
bereave,vt. 使……失去
faulty,adj. 有错误的
enigma,n. 谜
gill,n. 鳃；菌褶；（山谷中的）沟壑
spare,n. 剩余；备用零件， 节约
nursery,n. 苗圃
semantic,adj. 语义的
barren,n. 荒地，贫瘠的
conductive,adj. 传导的
eccentric,n. 古怪的人
adj. 古怪的
slacken,vi. 松劲
mentor,n. 指导者
pad,n. 衬垫
unblemished,adj. 无缺点的
lounge,n. 休息室
axle,n. 车轴
dietary,n. 饮食的规定；食谱，饮食的
hamper,n. 食盒
disparage,vt. 蔑视
corporal,n. 下士
adj. 肉体的
libel,n. 诽谤罪
criterion,n. （批评判断的）标准
eco-friendly,adj. 对生态环境友好的
predator,n. [动] 捕食者
telegraph,n. [通信] 电报机
episodic,adj. 插曲式的
trespass,n. 罪过；非法侵入
millennium,n. 千年期
susceptible,n. 易得病的人
adj. 易受影响的
antiseptic,n. 防腐剂
indolent,adj. 懒惰的
thrifty,adj. 节约的
nutritious,adj. 有营养的
dupe,vt. 欺骗
overfill,v. 把…装得溢出
inviolable,adj. 不可侵犯的
penalize,vt. 处罚
slander,n. 诽谤
restore,vi. 恢复
virtuous,adj. 善良的
superstitious,adj. 迷信的
bead,n. 珠子，用珠装饰
malt,n. 麦芽；麦芽酒，含麦芽的
augment,n. 增加
agile,adj. 敏捷的
tribal,adj. 部落的
precede,vt. 领先
alleviate,vt. 减轻
antibiotic,n. 抗生素
overexploit,过度开采
grill,n. 烤架
inculcate,vt. 教育
brutal,adj. 残忍的；野蛮的
avenge,vt. 替…报仇，报复
invasive,adj. 侵略性的
upgrade,n. 升级
commute,n. 通勤（口语），减刑
legislative,adj. 立法的
differentiate,vt. 区分
sentient,n. 有知觉的人， 有感情的
pour,n. 倾泻；流出；骤雨
hook,n. 挂钩
tighten,vt. 变紧
humane,adj. 仁慈的
infiltrate,n. 渗透物， 渗入

violate,vt. 违反；侵犯
glacier,n. 冰河
hereditary,n. 遗传类
adj. 遗传的
discharge,n. 排放
refrain,n. 叠句
supportive,adj. 支持的
accustom,vt. 使习惯于
inalienable,adj. 不可分割的
savour,n. 滋味
insidious,adj. 阴险的
pump,n. 泵
astronomy,n. 天文学
hazardous,adj. 有危险的
segregate,vt. 使隔离
tillable,adj. 适于耕种的
overgraze,vi. 过度放牧
embody,vt. 体现
reciprocate,vt. 报答
moribund,adj. 垂死的
isolated,adj. 孤立的
modish,adj. 流行的
maltreat,vt. 虐待
pine,n. [林] 松树；凤梨
disobey,v. 违反
moss,n. 苔藓
versatile,adj. 多才多艺的；通用的
grudge,n. 怨恨
pretentious,adj. 自命不凡的
enlist,vt. 使入伍
curb,n. 抑制
elaboration,n. 苦心经营
snobbish,adj. 势利的
magnet,n. 磁铁
prevalence,n. 流行
bleak,adj. 阴冷的；荒凉的
ecliptic,n. 黄道，黄道的
vicious,adj. 恶毒的
begrudge,vt. 羡慕
diffuse,vt. 扩散
accumulation,n. 积聚
alluvial,adj. 冲积的
avalanche,n. 雪崩，崩塌
boulder,n. 卵石
carbon,n. [化学] 碳
cascade,n. 小瀑布
catastrophe,n. 大灾难
Celsius,n. 摄氏度，摄氏的
circulation,n. 流通
climatic,adj. 气候的
combustion,n. 燃烧
conservation,n. 保存
contaminate,vt. 污染
counterbalance,n. 平衡力
crater,n. 火山口
cropland,n. 农田
debris,n. 碎片
decompression,n. [特医] 解压
deforestation,n. 采伐森林
delta,n. （河流的）三角洲
demographic,adj. 人口统计学的
demolish,vt. 拆除
deteriorate,vi. 恶化
deterioration,n. 恶化
disintegrate,vi. 瓦解
disrupt,vt. 破坏；分裂的
drought,n. 干旱
dump,n. 垃圾场，倾卸；丢下
ecological,adj. 生态的
ecosystem,n. 生态系统
embankment,n. 路堤
eruption,n. 爆发
evacuate,vt. 疏散
extinction,n. 灭绝
Fahrenheit,n. 华氏温度计
gas emission,瓦斯泄出
glacier,n. 冰河
granite,n. 花岗岩
greenhouse,n. 温室
habitat,n. [生态] 栖息地
humid,adj. 潮湿的
irreversible,adj. 不可逆的
log,vi. 伐木
luxuriant,adj. 繁茂的
magma,n. [地质] 岩浆
mechanism,n. 机制；原理
meteorology,n. 气象状态
ozone,n. [化学] 臭氧
petroleum,n. 石油
phenomenon,n. 现象
prioritize,vt. 安排优先次序
pulverised rock,碎石
radiation,n. 辐射
reclaim,n. 改造
recurrent,adj. 复发的；周期性的
recycle,n. 再生
resource depletion,un. 资源枯竭

sediment,n. 沉积
slope,n. 斜坡
solar,n. 日光浴室，太阳的
sulphuric acid,n. 硫酸

the Earth's mantle,地幔
thrive,vi. 繁荣
timber,n. 木材
tropical,adj. 热带的
ultraviolet light,na. 紫外线

vegetation,n. 植被；植物
viability,n. 生存能力
viscous lava,粘性熔岩
volcanologist,n. 火山学家
water consumption,un. 用水量
aperture,n. 孔
box camera,un. 〔摄〕方镜箱照相机

cartridge,弹药筒
cinecamera,n. 电影摄影机
diaphragm,n. 隔膜；快门
eyepiece,n. [光] 目镜
film,n. 电影
filter,n. 滤波器
flash,n. 闪光
flashlight,n. 手电筒
folding camera,风箱式照相机
gelatine,n. 胶质
guide number,n. 【摄】闪光指数

holder,n. 持有人
latitude,n. 纬度
lens,n. 透镜
magazine,n. 杂志
mask,n. 面具
photoelectric cell,n. 光电管
photometer,n. 光度计
plate,n. 碟
plateholder,n. 胶片夹
sensitivity,n. 敏感
shutter release,un. 〔摄〕快门按钮
shutter,n. 快门
spool,n. 线轴
spotlight,n. 聚光灯
floodlight,n. 照明灯
still camera,照相机
strain,n. 张力
sunshade,n. 遮阳伞
telemeter,n. 测距仪
tripod,n. [摄] 三脚架
viewfinder,n. 取景器
wide-angle lens,n. 广角透镜

zoom lens,n. 变焦镜头

versatile,adj. 多才多艺的；通用的
alchemy,n. 点金术
metallurgy,n. 冶金
alloy,n. 合金
vt. 使成合金
electrode,顽皮雷弹
distill,vt. 提取
quartz,n. 石英
phosphorus,n. 磷
inflammable,n. 易燃物
adj. 易燃的
ceramic,n. 陶瓷
fiber,n. 纤维
optics,n. [光] 光学
retina,n. [解剖] 视网膜

iris,n. [解剖] 虹膜
opaque,adj. 不透明的
microprocessor,n. [计] 微处理器
binary,adj. [数] 二进制的；二元的
buffer,n. [计] 缓冲区；缓冲器
browser,n. [计] 浏览器
hypertext,n. [计] 超文本
reticular,adj. 网状的
Ethernet,n. [计] 以太网
domain,n. 领域
patent,n. 专利权
artificial,adj. 人造的
dome,n. 圆屋顶
sewage,n. 污水
hydraulic,adj. 液压的
landfill,n. 垃圾填埋地
ventilation,n. 通风设备
polytechnic,n. 工艺学校
geometric,adj. 几何学的
asymmetry,n. 不对称
bilateral,adj. 双边的
pediatrician,n. 儿科医师（等于pediatrist）
gynecologist,n. 妇科医生
neurologist,神经学家
psychiatrist,n. 精神病学家
dentist,n. 牙科医生
anesthetist,n. 麻醉师
clinic,n. 临床
sanatorium,n. 疗养院
wholesome,adj. 健全的
vaccinate,vt. 给…注射疫苗
complaint,n. 抱怨
affection,n. 喜爱
ulcer,n. [病理] 溃疡
lesion,n. 损害
injury,n. 伤害
eruption,n. 爆发
spot,n. 地点
pimple,n. 疙瘩
blackhead,n. 黑头粉刺
blister,n. 水泡
boil,n. 沸腾
scar,n. 创伤
wart,n. [皮肤] 疣（等于verruca）
corn,n. （美）玉米
bruise,n. 擦伤
bump,n. 肿块
swelling,n. 肿胀
twist,n. 扭曲
symptom,n. [临床] 症状
diagnosis,n. 诊断
case,n. 情况
epidemic,n. 传染病
attack,n. 攻击
sneeze,n. 喷嚏
faint,n. [中医] 昏厥
dizziness,n. 头晕
lose consciousness,un. 不省人事

diet,n. 饮食
treatment,n. 治疗
cure,n. 治疗
anemia,n. 贫血
arthritis,n. [外科] 关节炎
bronchitis,n. [内科] 支气管炎
cancer,[天] 巨蟹座
indigestion,n. 消化不良
influenza,n. 流行性感冒（flu）
leukemia,n. [内科][肿瘤] 白血病
measles,n. [内科] 麻疹
paralysis,n. 麻痹
pneumonia,n. 肺炎
poliomyelitis,n. [内科] 脊髓灰质炎
rabies,n. [内科] 狂犬病
scarlet fever,n. 猩红热

smallpox,n. [内科] 天花
swamp fever,n. 沼泽热
anesthesia,n. 麻醉
blood transfusion,n. 输血

transplant,n. 移植
stitches,n. 缝线
operating theatre,n. 手术室

instruments,n. [仪] 仪器（instrument复）
bandage,n. 绷带
vt. 用绷带包扎
gauze,n. 纱布
compress,vt. 压缩
sticking plaster,na. 橡皮膏

plaster,n. 石膏
labour exchange,na. 物物平等交换
full employment,un. 充分就业

piecework,n. 计件工作
timework,n. 计时工作
assembly line work,组装线工作
occupation,n. 职业
vacancy,n. 空缺
work permit,n. （国外就业）工作许可证

application,n. 应用
engage,vi. 从事；答应
work contract,un. 承包

industrial accident,un. 工伤事故

vocational guidance,na. 业务辅导

vocational training,un. 专业培训

labour costs,劳动力成本
permanent worker,长期工
staff,n. 职员
skilled worker,n. 技工

specialized worker,熟练工人
collaborator,n. [劳经] 合作者
foreman,n. 领班
craftsman,n. 工匠
specialist,n. 专家
night shift,na. 夜班(时间)
proletarian,n. 普罗
trade union,n. 工会

guild,n. 协会
association,n. 协会
emigration,n. 移民
representative,n. 代表；众议员
， 典型的
works council, 劳资联合委员会
labour law,劳动法
remuneration,n. 报酬；酬劳
wage index,un. 工资指数
basic wage,un. 基本工资
gross wages,全部收入
hourly wages,计时工资
bonus,n. 奖金
payday,n. 发薪日
pay slip,n. 工资单
payroll,n. 工资单
unemployment benefit,n. 失业补贴（或津贴）
old-age pension,退休金
retirement,n. 退休
claim,n. 要求
go-slow,n. 怠工
strike pay,罢工津贴
demonstration,n. 示范
sanction,n. 制裁
unemployment,n. 失业
discharge,n. 排放
dismissal,n. 解雇
negotiation,n. 谈判
accommodation,n. 住处
lodging,n. 寄宿
lease,n. 租约
tenant,n. 承租人
landlord,n. 房东
dormmate,室友
dormitory,n. 宿舍
real estate,n. 房地产
vicinity,n. 邻近
flat,n. 平地， 单调的；不景气的
deposit,n. 存款
linen,n. 亚麻布
stationery,n. 文具
laundry,n. 洗衣店
cafeteria,n. 自助餐厅
cater,vt. 投合
aerobics,n. 有氧运动法
badminton,n. 羽毛球
baseball,n. 棒球
squash,n. 壁球
amateur,n. 爱好者
gathering,n. 聚集
excursion,n. 偏移；远足；短程旅行
illiterate,n. 文盲，文盲的
discipline,n. 学科；纪律
vt. 训练
terminology,n. 术语
dean,n. 院长
curriculum,n. 课程
syllabus,n. 教学大纲
calendar,n. 日历
compulsory,n. 规定动作，义务的
recruit,n. 招聘
prestige,n. 威望
esteem,n. 尊重
aptitude,n. 天资
matriculation,n. 入学考试
transferable,adj. 可转让的
scholarship,n. 奖学金；学识
tutorial,n. 个别指导，家庭教辅导的
assignment,n. 分配
dissertation,n. 论文
credential,n. 证书
molecule,n. [化学] 分子；微小颗粒
amino acids,n. 蛋白质
protein,n. 蛋白质
enzyme,n. [生化] 酶
botany,n. 植物学
flora,n. 植物区系
fauna,n. 动物群
bacteria,n. [微] 细菌
fungi,n. 真菌
algae,n. [植] 藻类
fade,n. [电影][电视] 淡出
organism,n. 有机体
reptile,n. 爬行动物
amphibian,n. [脊椎] 两栖动物
mammal,n. [脊椎] 哺乳动物
primate,n. 大主教
evolution,n. 演变
gene,n. [遗] 基因
genetics,n. 遗传学
helix,n. 螺旋
mutation,n. [遗] 突变
predator,n. [动] 捕食者
embryo,n. [胚] 胚胎
grasshopper,n. 蚱蜢
cricket,n. 板球
pollen,n. [植] 花粉
hive,n. 蜂房
larva,n. [水产] 幼体
pupation,n. 化蛹
hemisphere,n. 半球
somatic,adj. 躯体的
limb,n. 肢
anatomy,n. 解剖
paralyze,vt. 使麻痹
artery,n. 动脉
gland,n. 腺
pancreas,n. [解剖] 胰腺
hormone,n. [生理] 激素
cholesterol,n. [生化] 胆固醇
Chinese,n. 中文
English,n. 英语
Japanese,n. 日本人
mathematics,n. 数学
science,n. 科学
gymnastics,n. 体操
history,n. 历史
algebra,n. 代数学
geometry,n. 几何学
geography,n. 地理
biology,n. （一个地区全部的）生物
chemistry,n. 化学
physics,n. 物理学
physical geography,n. 自然地理学
literature,n. 文学
sociology,n. 社会学
psychology,n. 心理学
philosophy,n. 哲学
engineering,n. 工程
mechanical engineering,n. 机械工程学
electronic engineering,na. 电子工程学
medicine,n. 药
social science,n. 社会科学
agriculture,n. 农业；农耕；农业生产；农艺
astronomy,n. 天文学
economics,n. 经济学
politics,n. 政治
commercial science,商业学
biochemistry,n. 生物化学
anthropology,n. 人类学
linguistics,n. 语言学
accounting,n. 会计
law,n. 法律
jurisprudence,n. 法律体系
banking,n. 银行业
metallurgy,n. 冶金
finance,n. 财政
mass-communication,n. 大众传播学
journalism,n. 新闻业
atomic energy,na. 【化】原子能
civil engineering,n. 土木工程
architecture,n. 建筑学
chemical engineering,n. 化学工程
accounting and statistics,会计统计学
business administration,n. 工商管理学
library,n. 图书馆
diplomacy,n. 外交
foreign language,n. 外文，外语
major,adj. 主要的
renewable,可更新的
minor,未成年的
